user_id,Action,Adult Cast,Adventure,Anthropomorphic,Avant Garde,Award Winning,Boys Love,CGDCT,Childcare,Combat Sports,Comedy,Crossdressing,Delinquents,Detective,Drama,Ecchi,Educational,Fantasy,Gag Humor,Girls Love,Gore,Gourmet,Harem,High Stakes Game,Historical,Horror,Idols (Female),Idols (Male),Isekai,Iyashikei,Josei,Kids,Love Polygon,Love Status Quo,Magical Sex Shift,Mahou Shoujo,Martial Arts,Mecha,Medical,Military,Music,Mystery,Mythology,Organized Crime,Otaku Culture,Parody,Performing Arts,Pets,Psychological,Racing,Reincarnation,Reverse Harem,Romance,Samurai,School,Sci-Fi,Seinen,Shoujo,Shounen,Showbiz,Slice of Life,Space,Sports,Strategy Game,Super Power,Supernatural,Survival,Suspense,Team Sports,Time Travel,Urban Fantasy,Vampire,Video Game,Villainess,Visual Arts,Workplace
1,0.0,8.38,10.0,8.05,6.87,10.0,8.55,10.0,8.43,7.47,7.2,0.0,0.0,8.38,0.0,0.0,0.0,0.0,0.0,7.92,7.87,7.34,7.11,0.0,0.0,0.0,0.0,7.41,5.32,0.0,8.48,8.89,0.0,7.47,7.01,9.59,0.0,0.0,0.0,7.93,8.88,7.11,0.0,0.0,6.05,9.67,8.65,0.0,6.93,0.0,7.98,7.62,0.0,6.12,0.0,0.0,0.0,0.0,0.0,0.0,7.32,9.32,0.0,8.05,0.0,0.0,0.0,6.42,7.61,0.0,8.28,8.17,0.0,7.95,9.21,0.0
2,8.46,0.0,0.0,0.0,0.0,0.0,6.97,0.0,5.08,0.0,5.77,6.71,6.32,6.28,3.69,5.8,5.31,0.0,6.7,5.72,6.66,4.17,0.0,0.0,0.0,6.04,0.0,9.62,0.0,5.79,6.41,7.97,5.47,8.33,0.0,6.53,0.0,0.0,5.38,0.0,0.0,0.0,0.0,3.29,0.0,0.0,0.0,5.25,9.19,6.33,0.0,0.0,0.0,5.05,0.0,0.0,6.92,0.0,5.0,0.0,0.0,6.89,7.46,0.0,0.0,0.0,0.0,0.0,6.77,0.0,8.35,0.0,6.38,0.0,7.32,0.0
3,4.92,0.0,5.47,7.31,0.0,6.86,0.0,7.4,0.0,5.31,6.99,6.51,7.46,0.0,5.24,0.0,7.08,6.15,4.88,0.0,8.5,8.36,0.0,0.0,0.0,0.0,6.08,0.0,4.73,7.03,6.83,5.55,7.42,7.81,6.24,7.01,7.52,6.44,0.0,6.87,7.6,7.14,0.0,8.01,7.09,6.34,6.12,7.06,5.17,8.22,8.03,7.1,7.15,6.14,0.0,0.0,0.0,7.36,6.83,7.46,7.51,6.39,8.62,7.94,6.11,0.0,7.35,0.0,7.49,7.69,0.0,8.23,0.0,5.84,6.99,8.34
4,7.8,8.54,7.53,7.07,8.09,7.77,7.68,8.12,0.0,7.88,7.32,0.0,7.21,0.0,8.1,7.57,8.51,0.0,7.85,0.0,7.79,7.88,0.0,0.0,0.0,7.59,7.44,0.0,7.31,8.31,0.0,7.71,7.42,0.0,0.0,7.87,8.12,8.17,7.95,8.4,0.0,8.31,8.2,8.34,8.57,8.61,8.26,8.03,8.71,8.55,8.83,8.56,0.0,0.0,0.0,7.82,7.6,0.0,8.21,8.64,0.0,7.31,7.67,0.0,7.98,8.26,7.53,0.0,7.79,8.02,8.13,7.53,6.74,0.0,7.43,0.0
5,7.91,8.32,7.26,8.91,8.04,0.0,0.0,0.0,7.69,0.0,7.9,7.69,7.98,7.51,8.64,7.69,8.04,0.0,0.0,7.79,0.0,7.29,8.32,7.93,0.0,7.6,8.12,0.0,8.06,0.0,7.71,0.0,0.0,8.59,0.0,0.0,8.14,0.0,7.86,8.43,8.21,8.27,7.59,8.43,7.1,6.95,7.58,7.87,0.0,0.0,7.57,7.77,7.83,8.36,0.0,7.8,0.0,0.0,8.8,8.05,7.4,8.56,0.0,0.0,0.0,7.73,0.0,0.0,7.64,8.27,0.0,0.0,0.0,8.28,0.0,0.0
6,7.05,6.12,7.79,9.07,8.2,7.64,0.0,8.28,0.0,7.76,6.5,7.19,0.0,8.96,9.82,0.0,0.0,0.0,8.97,0.0,6.25,0.0,7.82,8.82,0.0,0.0,0.0,6.15,9.42,0.0,8.47,0.0,0.0,7.53,6.79,0.0,0.0,0.0,0.0,9.98,9.68,0.0,10.0,7.58,8.29,0.0,8.89,9.64,10.0,7.94,7.19,0.0,6.74,0.0,7.03,8.54,7.65,0.0,0.0,8.11,5.3,8.14,0.0,0.0,0.0,0.0,0.0,7.3,7.73,0.0,10.0,10.0,10.0,0.0,8.86,10.0
7,0.0,8.42,0.0,0.0,7.05,6.86,0.0,7.48,0.0,6.65,6.5,0.0,0.0,0.0,0.0,6.86,0.0,6.59,0.0,5.89,0.0,5.68,0.0,0.0,7.63,9.15,0.0,0.0,6.42,0.0,0.0,0.0,0.0,0.0,5.12,0.0,0.0,0.0,5.78,7.29,7.75,0.0,6.04,0.0,8.58,0.0,0.0,0.0,0.0,5.42,0.0,0.0,5.55,6.42,0.0,7.11,0.0,0.0,0.0,6.69,0.0,5.48,7.27,7.14,7.31,0.0,7.36,8.39,7.55,6.47,7.94,0.0,0.0,0.0,0.0,7.72
8,0.0,7.9,6.33,5.95,6.92,0.0,9.16,7.15,8.07,5.84,0.0,6.0,0.0,4.58,8.79,0.0,5.81,5.68,0.0,0.0,7.07,0.0,0.0,8.44,0.0,7.93,0.0,6.3,5.62,0.0,9.2,7.13,5.66,0.0,5.29,0.0,0.0,0.0,4.78,5.95,0.0,0.0,7.38,7.86,0.0,8.28,5.38,0.0,7.77,0.0,8.27,0.0,6.81,0.0,9.38,0.0,4.91,9.66,0.0,0.0,7.68,0.0,0.0,0.0,0.0,0.0,7.37,7.18,8.42,6.94,8.09,6.03,0.0,8.76,5.04,5.86
9,0.0,0.0,7.54,0.0,6.68,0.0,0.0,0.0,0.0,0.0,0.0,6.9,6.38,0.0,0.0,7.13,0.0,0.0,0.0,0.0,0.0,0.0,0.0,0.0,0.0,7.06,0.0,8.43,0.0,7.18,0.0,0.0,7.19,7.09,6.34,6.73,0.0,6.78,7.28,0.0,6.91,6.33,0.0,6.52,0.0,7.63,0.0,0.0,6.8,6.96,6.93,0.0,7.2,0.0,0.0,0.0,7.05,0.0,0.0,0.0,0.0,0.0,0.0,0.0,0.0,6.32,0.0,6.86,7.42,0.0,7.17,6.41,0.0,0.0,0.0,0.0
10,0.0,0.0,0.0,0.0,0.0,7.15,6.69,0.0,7.27,7.41,8.78,0.0,0.0,0.0,7.14,0.0,8.94,0.0,6.15,6.6,6.94,8.24,0.0,7.91,6.59,7.35,9.4,0.0,10.0,0.0,4.83,0.0,0.0,5.6,0.0,5.2,0.0,0.0,7.67,0.0,0.0,9.73,6.32,0.0,0.0,6.26,0.0,4.59,0.0,0.0,0.0,4.46,0.0,0.0,0.0,0.0,6.23,8.78,9.64,9.02,0.0,0.0,8.64,0.0,7.11,6.28,6.88,0.0,0.0,0.0,7.16,0.0,9.6,8.91,0.0,0.0
11,0.0,0.0,0.0,7.77,7.74,7.26,7.57,0.0,0.0,0.0,7.98,0.0,7.42,8.37,8.06,8.82,0.0,0.0,8.44,6.85,8.12,7.15,7.85,7.88,0.0,8.23,8.18,0.0,0.0,0.0,8.15,0.0,7.33,0.0,0.0,8.53,8.19,7.81,8.25,0.0,0.0,7.28,7.68,0.0,0.0,7.58,8.74,0.0,8.35,8.1,7.58,8.18,7.48,7.91,0.0,7.29,0.0,7.82,7.35,7.33,8.51,0.0,6.55,7.39,0.0,0.0,0.0,0.0,7.9,8.87,0.0,0.0,8.48,0.0,0.0,0.0
12,0.0,6.71,0.0,8.06,6.49,0.0,0.0,7.2,0.0,7.76,4.43,0.0,8.47,0.0,8.3,0.0,0.0,0.0,5.54,0.0,0.0,0.0,7.22,7.39,7.95,7.62,0.0,0.0,7.55,0.0,7.01,0.0,0.0,0.0,0.0,0.0,7.72,7.39,7.35,6.38,0.0,7.94,6.27,0.0,0.0,0.0,0.0,0.0,0.0,0.0,8.42,0.0,0.0,7.29,0.0,0.0,0.0,0.0,0.0,6.03,0.0,5.75,7.1,8.0,6.83,0.0,4.89,7.32,0.0,0.0,4.26,0.0,8.66,0.0,0.0,7.1
13,0.0,0.0,6.8,0.0,9.86,9.54,10.0,8.22,7.83,7.63,0.0,7.22,0.0,7.7,8.06,8.41,0.0,9.74,0.0,10.0,2.42,0.0,8.38,0.0,0.0,9.09,8.08,3.8,0.0,6.37,4.75,0.0,5.97,8.93,8.8,0.0,0.0,0.0,9.06,0.0,10.0,5.96,0.0,7.49,4.55,0.0,9.08,0.0,0.0,0.0,8.38,9.59,0.0,0.0,0.0,0.0,8.81,0.0,4.56,6.82,6.9,0.0,0.0,8.26,7.68,7.75,6.23,0.0,7.76,0.0,0.0,7.94,0.0,10.0,0.0,8.31
14,8.17,0.0,5.39,7.82,8.39,6.32,8.36,0.0,6.06,7.49,0.0,0.0,5.79,5.38,0.0,8.15,6.43,0.0,0.0,0.0,7.87,0.0,0.0,6.8,0.0,6.81,0.0,0.0,6.67,6.81,6.98,7.53,7.07,6.5,0.0,8.32,8.63,0.0,0.0,0.0,7.57,7.39,0.0,7.35,6.43,0.0,0.0,6.95,0.0,7.31,0.0,7.04,0.0,7.8,6.2,7.52,0.0,0.0,6.17,0.0,6.05,7.23,7.54,0.0,7.07,5.94,7.38,0.0,0.0,0.0,0.0,7.18,5.89,0.0,7.49,7.22
15,0.0,0.0,0.0,6.7,5.83,7.7,7.41,0.0,6.58,0.0,7.6,0.0,0.0,7.51,7.25,0.0,0.0,0.0,7.76,6.93,0.0,0.0,0.0,0.0,0.0,0.0,7.6,0.0,0.0,6.68,0.0,0.0,6.28,7.24,6.66,6.2,8.12,6.74,0.0,0.0,0.0,0.0,0.0,7.64,0.0,6.08,0.0,7.27,6.73,7.13,0.0,0.0,7.26,6.34,7.19,0.0,6.64,6.32,0.0,0.0,6.75,0.0,6.13,0.0,0.0,6.57,0.0,0.0,0.0,0.0,6.67,7.27,0.0,8.1,0.0,7.54
16,0.0,0.0,6.85,0.0,0.0,0.0,5.88,0.0,0.0,10.0,0.0,6.7,9.58,0.0,4.92,6.0,7.95,7.92,0.0,0.0,7.03,0.0,4.28,4.64,6.68,3.93,8.25,7.86,0.0,0.0,7.63,3.01,5.29,7.54,7.48,0.0,7.19,0.0,0.0,5.58,0.0,5.21,0.0,5.99,8.0,0.0,0.0,0.0,4.96,5.52,7.79,7.47,0.0,6.15,0.0,8.45,5.38,6.78,6.98,5.23,0.0,0.0,5.42,0.0,6.75,8.51,4.52,3.95,7.45,8.3,5.93,3.93,0.0,6.92,0.0,0.0
17,0.0,8.7,9.2,8.58,7.18,7.95,0.0,0.0,6.32,8.35,9.28,0.0,7.03,8.09,7.1,0.0,7.36,8.93,0.0,7.39,8.18,8.26,0.0,6.0,9.0,7.71,8.11,8.45,7.14,8.0,0.0,8.4,8.5,0.0,7.96,8.01,8.19,8.23,7.62,8.31,7.73,0.0,0.0,6.5,7.62,0.0,7.97,8.79,7.7,8.43,7.13,8.42,7.38,0.0,0.0,0.0,7.75,8.62,0.0,0.0,0.0,0.0,9.03,8.47,8.8,8.37,7.96,0.0,8.39,0.0,0.0,0.0,0.0,0.0,0.0,8.47
18,6.78,0.0,8.19,8.58,7.82,7.77,0.0,8.4,7.5,7.79,8.16,8.38,8.55,8.43,8.21,0.0,7.67,7.68,0.0,7.52,8.41,0.0,0.0,8.13,8.11,8.11,7.72,0.0,7.51,7.73,7.12,0.0,9.45,7.85,8.75,7.61,0.0,0.0,7.6,0.0,0.0,7.75,0.0,0.0,7.93,8.35,0.0,0.0,8.27,0.0,9.09,0.0,8.52,7.81,7.34,0.0,0.0,0.0,7.9,0.0,0.0,7.57,0.0,8.02,7.08,8.13,7.34,8.28,8.75,0.0,8.29,0.0,8.46,0.0,0.0,7.04
19,7.68,7.15,0.0,8.56,7.22,0.0,0.0,0.0,0.0,0.0,0.0,0.0,7.91,0.0,6.91,6.29,0.0,0.0,5.62,7.11,8.46,6.57,0.0,0.0,6.93,7.37,8.3,8.05,0.0,6.43,7.7,7.03,0.0,0.0,0.0,0.0,6.06,6.92,6.23,5.82,7.08,0.0,7.76,5.55,0.0,0.0,7.89,0.0,5.77,8.16,6.77,0.0,7.0,0.0,0.0,6.17,7.4,7.46,6.9,7.26,7.17,6.45,6.17,0.0,0.0,7.69,0.0,0.0,0.0,0.0,7.11,0.0,7.86,8.44,7.37,5.0
20,8.44,7.33,0.0,0.0,9.37,0.0,5.0,0.0,0.0,6.48,4.82,0.0,8.03,9.18,9.04,0.0,0.0,7.2,0.0,0.0,0.0,0.0,6.2,7.35,0.0,0.0,0.0,6.85,0.0,8.25,0.0,0.0,5.7,3.53,9.46,7.08,7.2,7.7,6.3,0.0,0.0,5.29,6.74,4.49,0.0,0.0,8.12,0.0,0.0,7.1,0.0,7.02,0.0,5.51,9.4,0.0,6.2,0.0,5.85,4.19,0.0,0.0,0.0,7.54,6.45,0.0,0.0,7.68,6.33,10.0,4.85,0.0,7.22,0.0,0.0,0.0
21,7.19,7.11,0.0,6.76,0.0,7.16,0.0,0.0,0.0,0.0,0.0,6.96,0.0,6.39,6.82,7.17,8.16,6.78,7.29,5.63,6.82,0.0,6.6,0.0,0.0,6.89,6.44,7.25,7.96,7.96,5.65,7.47,7.39,0.0,7.01,6.47,6.53,0.0,6.1,0.0,6.43,0.0,0.0,0.0,0.0,8.47,0.0,7.31,7.84,6.63,0.0,6.52,7.03,0.0,6.45,6.56,0.0,0.0,0.0,0.0,7.18,7.09,5.39,7.16,5.96,0.0,7.52,8.09,6.8,0.0,0.0,7.84,0.0,0.0,5.62,8.08
22,5.6,0.0,10.0,5.71,0.0,0.0,0.0,8.95,5.84,9.88,0.0,10.0,8.75,0.0,6.75,0.0,10.0,0.0,6.17,10.0,0.0,7.24,0.0,10.0,8.17,10.0,0.0,0.0,0.0,6.93,0.0,2.54,0.0,0.0,6.73,10.0,8.16,0.0,6.97,8.85,0.0,0.0,7.51,9.14,0.0,0.0,5.58,8.71,0.0,9.04,0.0,6.44,9.41,0.0,0.0,0.0,8.41,9.38,7.92,5.82,10.0,0.0,0.0,6.62,6.71,0.0,0.0,0.0,0.0,0.0,10.0,10.0,5.29,0.0,9.01,0.0
23,7.26,0.0,0.0,0.0,6.64,8.0,6.17,6.82,0.0,0.0,0.0,7.81,6.24,8.82,0.0,9.31,0.0,0.0,8.28,0.0,0.0,7.67,9.27,7.57,6.66,0.0,9.51,0.0,0.0,0.0,8.68,0.0,7.32,9.67,0.0,7.49,8.71,0.0,9.8,8.32,8.67,8.41,0.0,9.09,8.1,8.0,9.46,0.0,6.19,0.0,7.0,5.7,8.76,10.0,7.47,7.88,7.54,0.0,0.0,0.0,6.72,0.0,9.36,0.0,8.78,7.33,8.52,6.6,0.0,0.0,6.75,0.0,0.0,8.04,10.0,0.0
24,0.0,9.66,0.0,9.17,0.0,9.57,8.77,0.0,0.0,9.01,0.0,7.57,4.66,9.29,8.78,8.41,8.76,8.04,0.0,0.0,3.2,10.0,0.0,9.06,0.0,7.77,8.97,0.0,0.0,0.0,0.0,6.15,0.0,0.0,0.0,10.0,0.0,4.6,0.0,0.0,0.0,9.1,9.01,9.59,0.0,0.0,0.0,9.4,4.35,0.0,0.0,0.0,0.0,0.0,0.0,0.0,10.0,4.55,0.0,6.48,0.0,8.46,9.93,5.05,10.0,0.0,7.75,7.96,0.0,10.0,7.69,0.0,0.0,9.99,0.0,0.0
25,8.24,0.0,6.74,0.0,0.0,8.37,6.59,6.31,7.56,8.37,0.0,0.0,6.69,0.0,0.0,8.0,8.41,8.93,9.51,8.27,8.63,8.1,7.81,6.63,7.41,0.0,8.44,7.98,8.8,0.0,7.24,8.74,0.0,8.68,0.0,0.0,0.0,0.0,8.5,8.7,9.5,0.0,8.4,9.43,10.0,0.0,0.0,8.82,0.0,8.04,8.54,7.76,6.74,8.21,8.92,0.0,0.0,8.12,0.0,7.7,7.38,7.78,7.58,0.0,0.0,8.31,7.7,8.7,0.0,0.0,7.63,7.58,9.48,0.0,0.0,7.24
26,7.05,6.16,0.0,6.51,0.0,7.52,9.12,5.86,8.37,6.86,7.96,0.0,10.0,0.0,10.0,9.09,5.23,7.87,7.31,8.01,0.0,0.0,0.0,5.0,5.28,0.0,0.0,6.16,6.44,0.0,0.0,10.0,0.0,9.07,0.0,7.19,0.0,9.58,8.63,8.24,0.0,0.0,9.29,0.0,5.39,5.49,7.98,0.0,9.81,0.0,10.0,0.0,8.29,0.0,6.52,10.0,7.25,0.0,8.31,8.79,0.0,9.04,0.0,8.29,0.0,7.25,8.18,0.0,6.62,10.0,0.0,0.0,7.03,10.0,7.29,0.0
27,8.54,6.71,0.0,0.0,6.3,0.0,0.0,0.0,5.54,0.0,0.0,8.95,4.97,0.0,0.0,8.9,8.23,0.0,0.0,0.0,0.0,0.0,0.0,5.38,0.0,7.58,5.17,0.0,7.36,6.58,7.27,7.61,0.0,5.49,0.0,0.0,5.66,6.12,0.0,6.84,5.92,0.0,5.52,0.0,7.38,8.33,0.0,0.0,0.0,7.33,5.26,7.86,0.0,8.62,6.57,0.0,6.98,6.96,0.0,9.37,0.0,7.64,0.0,0.0,0.0,0.0,0.0,0.0,0.0,0.0,0.0,0.0,7.57,5.5,0.0,0.0
28,0.0,0.0,0.0,8.57,0.0,7.46,5.34,0.0,9.71,4.15,3.45,5.85,6.6,0.0,0.0,7.38,0.0,7.5,0.0,6.18,6.95,7.29,0.0,8.47,0.0,0.0,5.8,0.0,6.88,0.0,5.61,0.0,0.0,7.27,0.0,0.0,10.0,0.0,6.41,0.0,0.0,0.0,0.0,9.18,9.33,0.0,0.0,0.0,9.28,0.0,7.61,7.75,0.0,0.0,0.0,0.0,7.46,0.0,3.76,6.93,5.83,5.01,9.98,0.0,0.0,6.53,0.0,6.17,7.12,0.0,3.92,0.0,0.0,3.03,4.34,7.52
29,6.53,7.49,7.5,0.0,7.79,5.35,0.0,7.0,6.67,0.0,8.48,6.26,0.0,6.55,6.68,8.18,7.77,7.69,0.0,0.0,8.27,6.81,0.0,6.61,6.56,0.0,7.33,0.0,8.59,4.97,8.29,8.3,0.0,6.61,7.09,0.0,6.86,7.16,8.63,6.83,6.76,7.37,5.38,0.0,0.0,7.08,0.0,0.0,0.0,0.0,0.0,6.29,0.0,0.0,0.0,0.0,5.45,7.65,7.24,0.0,6.28,0.0,0.0,7.04,7.63,8.74,0.0,8.35,8.14,5.28,0.0,6.87,5.13,5.92,5.34,7.78
30,0.0,8.28,0.0,6.21,0.0,7.47,7.63,6.38,0.0,5.58,5.49,6.59,9.63,7.35,0.0,8.39,8.55,8.25,0.0,8.68,9.73,0.0,9.37,4.55,5.55,10.0,8.42,5.61,7.19,0.0,0.0,3.75,6.09,0.0,0.0,6.04,0.0,6.74,8.89,3.35,0.0,0.0,7.59,8.6,7.3,0.0,8.75,9.59,4.1,0.0,0.0,0.0,5.84,8.73,10.0,0.0,7.87,0.0,0.0,6.27,7.59,8.32,10.0,10.0,0.0,5.68,0.0,0.0,10.0,0.0,0.0,7.71,0.0,0.0,6.65,3.84
31,0.0,0.0,0.0,0.0,0.0,7.37,7.31,7.55,6.67,6.02,6.44,0.0,0.0,6.75,0.0,0.0,7.09,6.49,0.0,6.62,6.96,6.42,8.08,7.22,0.0,7.06,0.0,6.83,0.0,6.69,0.0,0.0,7.26,6.23,0.0,0.0,6.38,0.0,0.0,6.96,6.58,6.74,0.0,0.0,7.23,0.0,0.0,6.82,7.13,7.26,6.93,0.0,7.34,6.73,0.0,6.75,6.72,5.59,0.0,7.52,6.82,6.8,0.0,0.0,0.0,7.2,0.0,0.0,7.29,0.0,6.43,6.68,7.0,7.2,0.0,6.97
32,6.86,0.0,0.0,0.0,0.0,0.0,8.14,5.96,0.0,0.0,5.96,6.74,0.0,6.52,0.0,0.0,0.0,0.0,0.0,6.37,7.12,0.0,0.0,0.0,6.98,8.41,0.0,6.32,6.51,0.0,0.0,0.0,8.66,0.0,0.0,5.93,6.64,0.0,6.88,0.0,7.54,0.0,0.0,0.0,0.0,6.88,0.0,0.0,0.0,5.57,0.0,7.38,0.0,0.0,0.0,0.0,7.01,0.0,7.12,7.87,6.69,5.97,0.0,7.88,0.0,0.0,0.0,0.0,0.0,7.13,0.0,0.0,0.0,0.0,0.0,5.83
33,0.0,7.57,6.96,6.85,6.96,0.0,8.72,8.83,0.0,7.48,4.53,6.44,7.74,0.0,0.0,0.0,7.22,7.63,7.7,6.28,0.0,5.92,7.21,0.0,5.76,0.0,8.2,7.88,0.0,7.64,7.13,0.0,10.0,8.57,10.0,7.53,8.05,6.21,9.35,8.61,5.08,8.9,0.0,0.0,0.0,0.0,0.0,8.01,8.98,6.42,5.83,0.0,5.93,7.36,5.75,7.97,0.0,8.63,5.53,0.0,0.0,6.52,5.5,6.43,0.0,0.0,5.85,6.34,6.26,6.39,0.0,0.0,6.2,8.12,5.46,5.43
34,0.0,0.0,7.64,0.0,0.0,8.23,0.0,7.72,0.0,9.14,9.78,0.0,0.0,0.0,7.98,9.24,6.46,8.33,10.0,8.93,10.0,9.68,0.0,6.66,0.0,0.0,8.2,0.0,6.58,6.66,0.0,7.59,9.46,6.37,0.0,7.2,0.0,0.0,8.21,0.0,9.37,9.41,7.07,6.37,0.0,5.97,0.0,8.42,0.0,10.0,7.31,6.92,6.83,0.0,8.66,6.68,0.0,8.7,7.97,8.89,0.0,5.7,7.81,9.38,0.0,0.0,6.82,6.08,6.2,6.22,6.02,8.62,8.26,8.39,8.31,6.4
35,3.99,0.0,0.0,7.07,0.0,0.0,10.0,8.96,9.85,6.46,8.24,8.38,4.92,5.71,8.86,10.0,10.0,6.97,10.0,8.26,9.2,8.13,7.61,10.0,0.0,0.0,4.99,9.43,6.9,10.0,0.0,0.0,8.63,0.0,5.29,7.96,9.27,5.49,6.95,0.0,9.38,4.67,7.86,0.0,0.0,0.0,0.0,7.02,6.34,0.0,0.0,0.0,0.0,5.61,8.84,0.0,6.35,0.0,8.88,10.0,8.39,0.0,7.04,0.0,0.0,6.84,0.0,0.0,6.77,8.74,0.0,10.0,7.88,7.13,0.0,2.59
36,6.61,8.69,8.67,8.31,8.7,0.0,0.0,0.0,0.0,0.0,7.54,8.87,0.0,8.42,0.0,0.0,0.0,9.16,7.39,7.35,8.32,8.06,7.37,9.05,8.49,7.16,7.39,7.97,0.0,0.0,6.72,8.98,0.0,7.05,0.0,8.67,0.0,8.59,7.97,0.0,8.77,8.45,0.0,7.84,8.36,0.0,7.71,7.82,8.26,7.68,8.72,0.0,0.0,0.0,0.0,0.0,0.0,7.33,8.13,0.0,8.27,0.0,0.0,10.0,7.11,8.22,7.51,0.0,0.0,8.51,0.0,8.45,0.0,7.23,8.4,0.0
37,0.0,8.93,0.0,7.56,0.0,0.0,0.0,7.48,8.02,8.17,7.85,0.0,8.96,7.1,8.82,0.0,9.06,0.0,8.4,8.56,0.0,8.79,0.0,9.07,8.07,0.0,0.0,6.3,8.85,7.82,8.97,0.0,0.0,0.0,8.75,0.0,7.84,6.34,5.52,9.47,0.0,8.18,0.0,8.67,0.0,8.98,0.0,7.29,0.0,8.93,0.0,0.0,0.0,0.0,7.79,6.97,8.61,6.67,7.17,8.07,8.82,0.0,0.0,8.37,6.98,7.37,0.0,8.79,6.33,8.46,0.0,7.99,0.0,8.42,9.11,0.0
38,8.91,0.0,0.0,0.0,0.0,6.46,5.55,0.0,7.46,0.0,8.75,6.75,7.13,7.19,6.46,6.75,0.0,7.19,8.58,0.0,0.0,6.54,0.0,7.34,7.29,0.0,7.05,8.51,0.0,3.78,8.25,0.0,0.0,6.7,7.93,6.92,6.67,6.09,5.26,7.95,6.58,0.0,7.0,0.0,0.0,7.19,0.0,0.0,0.0,7.51,0.0,7.0,6.69,0.0,0.0,0.0,6.56,0.0,6.63,0.0,6.2,0.0,0.0,7.58,7.49,0.0,6.89,7.21,6.02,0.0,7.09,0.0,0.0,0.0,0.0,5.66
39,7.66,6.97,5.79,0.0,7.47,6.95,0.0,5.93,8.35,7.84,0.0,6.55,8.28,0.0,5.97,0.0,0.0,0.0,6.07,0.0,5.15,8.56,0.0,0.0,6.5,0.0,7.66,0.0,0.0,5.88,6.38,7.58,5.78,6.59,6.02,0.0,0.0,8.05,5.81,0.0,0.0,7.94,5.7,0.0,0.0,0.0,7.65,5.72,7.91,0.0,0.0,0.0,5.99,6.3,7.97,8.29,6.02,6.95,6.64,6.48,5.65,0.0,8.0,8.99,0.0,6.01,5.99,0.0,0.0,0.0,0.0,5.54,0.0,8.18,6.73,8.93
40,6.25,0.0,7.97,0.0,0.0,0.0,7.14,4.55,5.94,0.0,0.0,0.0,0.0,0.0,6.46,0.0,0.0,0.0,0.0,0.0,0.0,0.0,0.0,8.86,9.64,7.12,0.0,8.14,6.21,0.0,0.0,0.0,0.0,0.0,4.83,0.0,0.0,7.37,7.92,0.0,0.0,0.0,6.44,5.73,4.53,0.0,0.0,9.13,0.0,7.76,6.51,7.15,0.0,8.1,6.41,6.68,5.2,5.23,7.49,3.58,0.0,0.0,0.0,5.9,9.0,6.3,0.0,0.0,0.0,5.91,0.0,8.98,5.53,8.51,0.0,0.0
41,0.0,2.85,0.0,0.0,6.77,0.0,5.98,0.0,0.0,8.71,5.09,0.0,0.0,0.0,7.6,5.85,7.1,5.49,0.0,0.0,0.0,7.98,7.64,0.0,0.0,3.59,9.03,6.2,0.0,5.61,0.0,0.0,0.0,7.93,0.0,5.98,5.45,5.19,6.58,0.0,0.0,7.93,6.39,4.92,0.0,7.18,7.99,6.45,0.0,0.0,8.04,0.0,0.0,0.0,0.0,7.15,0.0,4.8,0.0,0.0,0.0,6.58,0.0,0.0,0.0,5.6,6.4,8.41,0.0,9.62,7.6,6.35,2.83,0.0,6.94,0.0
42,10.0,0.0,8.53,6.59,0.0,0.0,0.0,5.54,6.4,0.0,9.19,8.4,0.0,0.0,7.44,0.0,0.0,0.0,0.0,8.9,8.52,7.3,8.16,0.0,7.63,0.0,0.0,9.31,8.28,7.64,9.43,0.0,0.0,7.16,8.54,0.0,0.0,7.92,0.0,0.0,6.62,0.0,0.0,8.31,0.0,9.03,9.08,6.51,0.0,10.0,5.83,0.0,5.11,0.0,0.0,0.0,0.0,7.57,6.69,0.0,0.0,0.0,9.25,10.0,6.87,6.87,8.13,0.0,0.0,7.36,0.0,8.6,0.0,9.33,3.15,0.0
43,8.88,0.0,0.0,6.79,0.0,0.0,0.0,7.72,0.0,6.25,0.0,0.0,6.62,8.54,6.58,6.47,0.0,0.0,0.0,8.6,8.17,0.0,0.0,0.0,5.27,5.5,6.32,6.36,8.58,0.0,7.22,7.42,6.87,0.0,0.0,6.7,7.49,4.61,0.0,6.4,0.0,8.36,7.38,7.94,6.82,4.99,0.0,7.98,0.0,0.0,0.0,0.0,0.0,0.0,0.0,0.0,0.0,0.0,0.0,7.5,8.98,6.01,0.0,7.66,0.0,7.85,5.29,5.76,0.0,5.05,8.03,5.3,6.43,0.0,4.52,7.19
44,0.0,6.39,0.0,0.0,0.0,7.63,0.0,0.0,0.0,6.78,6.9,6.69,5.77,7.68,0.0,0.0,7.8,0.0,6.99,0.0,0.0,0.0,6.92,0.0,0.0,0.0,0.0,0.0,0.0,0.0,6.46,7.06,6.81,6.8,0.0,7.46,0.0,7.49,6.93,0.0,0.0,7.15,7.01,0.0,0.0,6.35,0.0,6.4,7.62,6.72,6.46,0.0,0.0,6.39,7.27,6.29,0.0,0.0,6.7,7.18,0.0,7.23,6.59,7.01,6.83,7.33,0.0,7.92,0.0,0.0,7.75,0.0,0.0,0.0,6.93,0.0
45,0.0,0.0,0.0,9.11,0.0,2.96,5.05,0.0,5.52,7.61,0.0,0.0,0.0,7.27,8.87,6.02,8.34,6.84,0.0,0.0,0.0,0.0,0.0,0.0,4.82,0.0,0.0,5.8,7.34,6.89,0.0,5.04,8.14,7.61,0.0,6.65,7.67,7.29,0.0,7.5,7.2,6.64,0.0,4.55,0.0,7.28,7.08,7.83,0.0,8.84,0.0,7.46,0.0,6.28,8.54,0.0,0.0,4.28,6.85,0.0,0.0,0.0,0.0,0.0,0.0,0.0,0.0,6.63,0.0,0.0,6.19,5.23,0.0,0.0,0.0,7.8
46,7.98,0.0,7.4,7.97,0.0,8.37,0.0,0.0,0.0,7.44,6.98,8.28,0.0,6.62,0.0,8.67,7.07,0.0,9.01,8.39,6.93,8.32,0.0,7.26,0.0,7.65,8.83,0.0,9.87,0.0,8.72,9.11,0.0,6.56,8.16,0.0,9.58,8.77,10.0,8.09,9.11,9.13,7.95,8.89,8.66,0.0,6.97,8.86,0.0,8.41,8.83,9.04,8.43,7.99,0.0,0.0,0.0,7.71,0.0,8.33,0.0,8.69,7.79,8.23,9.3,0.0,9.22,0.0,8.04,8.65,8.53,0.0,7.56,7.16,6.46,0.0
47,0.0,8.93,7.02,0.0,9.48,7.99,6.18,6.86,7.79,8.73,0.0,0.0,7.55,0.0,7.45,0.0,8.04,7.49,0.0,0.0,9.35,7.41,0.0,8.43,0.0,9.01,8.78,6.53,9.64,7.32,7.64,0.0,0.0,0.0,9.68,0.0,0.0,7.59,8.76,0.0,0.0,7.12,0.0,7.18,7.35,8.19,0.0,9.19,8.11,0.0,8.57,7.73,6.57,0.0,8.99,8.21,8.84,8.1,0.0,0.0,7.61,6.02,0.0,7.77,8.46,9.45,7.94,7.66,7.36,5.35,0.0,7.17,0.0,8.2,5.34,0.0
48,6.82,8.22,6.22,6.13,0.0,0.0,0.0,4.73,10.0,7.08,7.21,0.0,1.63,9.98,0.0,0.0,0.0,0.0,0.0,0.0,8.16,0.0,0.0,0.0,7.08,7.7,8.81,9.91,0.0,7.86,0.0,0.0,0.0,7.72,6.52,0.0,0.0,7.24,5.52,0.0,0.0,0.0,0.0,0.0,0.0,0.0,0.0,0.0,0.0,9.39,0.0,5.44,6.5,8.96,4.95,0.0,9.28,0.0,0.0,0.0,7.57,0.0,0.0,0.0,7.68,6.86,0.0,7.22,8.26,3.47,0.0,7.89,4.49,0.0,7.46,6.77
49,0.0,0.0,0.0,6.51,7.13,0.0,0.0,0.0,0.0,7.35,0.0,6.66,6.58,0.0,7.01,0.0,7.61,7.75,6.75,0.0,6.71,0.0,0.0,7.21,7.27,6.72,7.21,0.0,0.0,6.58,0.0,0.0,7.03,0.0,7.27,0.0,6.66,0.0,0.0,0.0,6.82,6.81,0.0,0.0,0.0,6.69,7.38,7.34,6.75,7.08,7.44,7.33,0.0,6.68,7.21,7.19,0.0,6.38,0.0,0.0,0.0,7.2,6.89,7.01,7.63,5.87,6.94,6.78,0.0,6.51,0.0,0.0,0.0,0.0,0.0,7.2
50,0.0,0.0,0.0,0.0,0.0,8.17,0.0,0.0,9.11,0.0,6.27,0.0,7.86,0.0,0.0,6.74,7.36,8.67,7.58,0.0,7.88,0.0,0.0,0.0,7.03,0.0,0.0,8.69,7.14,6.95,7.96,0.0,9.46,0.0,0.0,0.0,0.0,8.25,0.0,0.0,0.0,8.06,7.58,6.64,0.0,0.0,7.78,0.0,0.0,8.13,0.0,6.59,8.41,7.45,9.98,7.7,0.0,0.0,0.0,7.93,6.78,0.0,9.88,9.24,9.07,0.0,0.0,0.0,8.17,6.56,8.05,4.57,7.85,7.76,0.0,7.16
51,7.64,0.0,6.89,0.0,0.0,0.0,0.0,7.55,0.0,0.0,6.24,8.22,7.84,7.4,5.89,0.0,7.28,0.0,9.33,0.0,7.3,8.86,0.0,0.0,0.0,0.0,8.82,0.0,0.0,0.0,0.0,0.0,5.94,8.19,8.69,0.0,0.0,0.0,0.0,8.11,7.98,9.46,7.45,0.0,0.0,7.99,8.01,8.38,0.0,8.93,0.0,8.64,0.0,0.0,8.05,0.0,7.07,0.0,0.0,7.17,0.0,8.74,0.0,0.0,0.0,0.0,8.17,7.73,8.28,9.34,6.94,8.93,9.67,0.0,0.0,7.2
52,10.0,0.0,0.0,0.0,7.84,0.0,6.38,0.0,6.52,0.0,0.0,7.9,0.0,7.53,9.92,9.23,9.44,8.49,0.0,6.09,5.1,7.9,8.3,7.51,0.0,7.04,7.19,0.0,7.75,0.0,0.0,9.11,0.0,0.0,7.82,6.4,0.0,5.97,0.0,0.0,0.0,9.4,0.0,6.64,8.66,7.59,0.0,0.0,7.56,8.16,7.84,0.0,7.55,0.0,0.0,0.0,7.65,0.0,0.0,8.59,0.0,0.0,0.0,7.39,7.8,0.0,8.15,8.11,0.0,0.0,0.0,0.0,9.31,0.0,0.0,7.61
53,7.13,7.7,0.0,7.06,6.81,6.74,0.0,6.81,0.0,7.26,6.85,0.0,0.0,6.77,0.0,6.65,0.0,0.0,0.0,6.09,6.6,0.0,6.56,0.0,5.96,6.85,0.0,7.83,7.36,7.09,6.33,0.0,6.99,0.0,7.29,6.71,6.43,6.25,0.0,6.85,7.41,0.0,7.04,0.0,7.55,6.44,0.0,6.43,6.67,7.92,6.35,7.23,7.38,0.0,0.0,7.65,0.0,0.0,0.0,6.69,0.0,0.0,7.05,7.2,0.0,0.0,0.0,0.0,0.0,6.65,7.18,6.31,0.0,0.0,6.38,0.0
54,6.51,9.02,0.0,0.0,0.0,10.0,0.0,8.85,9.3,6.31,0.0,8.01,7.86,8.94,7.21,8.43,0.0,6.65,9.05,0.0,5.84,9.69,6.41,7.09,0.0,0.0,0.0,0.0,0.0,8.01,10.0,0.0,9.26,8.5,5.4,0.0,4.95,7.79,0.0,8.58,8.44,0.0,6.37,0.0,9.76,0.0,7.65,0.0,0.0,10.0,7.59,6.11,7.97,10.0,10.0,8.22,7.09,0.0,0.0,0.0,10.0,10.0,0.0,8.13,9.42,10.0,0.0,5.87,0.0,7.71,0.0,0.0,4.38,7.19,8.84,0.0
55,6.87,7.46,6.4,0.0,6.67,6.51,0.0,7.13,7.42,0.0,0.0,0.0,7.31,6.72,7.3,7.11,0.0,7.27,0.0,0.0,7.43,0.0,6.42,7.1,6.75,6.81,0.0,7.07,7.18,6.14,0.0,7.9,6.68,6.9,0.0,7.25,6.0,6.66,7.21,0.0,6.98,7.97,0.0,0.0,0.0,6.84,6.85,7.02,0.0,6.57,7.27,0.0,7.31,7.31,0.0,0.0,0.0,6.5,6.31,0.0,0.0,6.74,6.91,7.12,7.19,6.35,7.03,6.61,7.53,0.0,7.12,6.5,0.0,0.0,0.0,0.0
56,0.0,0.0,0.0,8.36,0.0,0.0,0.0,8.15,0.0,9.86,8.06,0.0,7.26,0.0,0.0,7.38,7.33,6.49,10.0,0.0,0.0,7.4,0.0,7.04,0.0,0.0,0.0,8.51,0.0,0.0,0.0,9.77,8.2,7.99,6.96,0.0,8.69,0.0,7.44,8.78,0.0,0.0,7.58,0.0,7.66,6.91,0.0,0.0,0.0,0.0,10.0,8.27,6.25,6.15,0.0,0.0,0.0,8.91,5.06,7.92,0.0,9.71,8.67,7.17,8.85,8.37,7.33,0.0,6.75,0.0,7.06,7.43,8.64,0.0,0.0,8.57
57,0.0,8.01,0.0,8.32,8.13,0.0,0.0,9.22,0.0,8.21,8.55,0.0,8.85,0.0,0.0,7.38,7.96,0.0,8.29,7.74,7.87,0.0,7.48,7.37,8.31,0.0,8.33,8.58,0.0,8.97,0.0,0.0,0.0,0.0,0.0,0.0,8.25,7.55,0.0,0.0,0.0,6.84,7.2,0.0,0.0,7.89,7.72,0.0,0.0,0.0,10.0,6.79,7.41,7.95,8.4,0.0,7.72,8.03,0.0,0.0,0.0,0.0,8.02,8.36,7.19,8.62,0.0,0.0,8.78,0.0,0.0,7.87,9.17,0.0,0.0,0.0
58,0.0,0.0,10.0,8.15,0.0,7.94,0.0,0.0,6.83,10.0,0.0,0.0,6.1,0.0,7.38,8.15,9.08,6.9,0.0,0.0,0.0,0.0,8.14,0.0,10.0,0.0,0.0,7.35,5.13,0.0,0.0,7.24,7.93,5.03,7.18,5.47,10.0,0.0,6.1,9.08,9.65,0.0,0.0,0.0,0.0,8.6,0.0,6.21,0.0,8.14,8.42,9.24,7.32,9.22,9.31,0.0,0.0,8.13,9.52,8.76,7.06,9.01,0.0,6.65,7.14,0.0,8.83,10.0,8.38,8.41,5.45,9.24,7.49,0.0,0.0,9.73
59,0.0,6.97,7.43,5.93,0.0,0.0,6.79,0.0,6.92,6.82,0.0,6.72,7.41,7.44,0.0,0.0,7.16,7.08,7.38,6.66,6.66,6.81,0.0,0.0,0.0,0.0,6.6,0.0,0.0,0.0,0.0,0.0,0.0,6.88,0.0,6.45,0.0,0.0,7.29,0.0,6.83,7.06,6.42,0.0,6.73,0.0,7.16,0.0,0.0,0.0,0.0,0.0,6.84,6.56,6.85,0.0,0.0,7.4,0.0,0.0,7.54,0.0,0.0,0.0,6.89,0.0,6.95,0.0,7.62,0.0,0.0,6.96,0.0,6.55,0.0,0.0
60,0.0,9.43,9.43,6.74,0.0,0.0,10.0,0.0,9.15,7.65,9.38,0.0,0.0,9.28,0.0,8.99,7.6,8.74,0.0,9.07,7.25,0.0,8.91,0.0,0.0,0.0,9.13,6.42,7.91,0.0,9.41,0.0,10.0,6.68,0.0,6.71,8.53,0.0,0.0,0.0,5.5,5.69,0.0,10.0,5.96,0.0,6.62,7.42,0.0,6.5,0.0,0.0,8.9,0.0,0.0,8.28,6.82,0.0,0.0,0.0,8.77,0.0,0.0,0.0,0.0,0.0,5.15,0.0,8.7,0.0,0.0,0.0,9.48,8.58,6.28,8.61
61,5.88,8.27,0.0,0.0,5.73,0.0,0.0,0.0,3.82,0.0,0.0,0.0,0.0,7.14,5.81,7.3,0.0,6.29,0.0,7.99,6.86,0.0,4.23,0.0,0.0,0.0,6.39,0.0,0.0,0.0,6.94,0.0,9.51,0.0,7.14,7.22,6.05,0.0,9.72,0.0,6.89,6.48,7.25,6.91,6.5,5.82,8.45,5.76,10.0,0.0,0.0,8.74,0.0,6.98,0.0,0.0,0.0,0.0,0.0,4.54,0.0,8.86,0.0,5.28,0.0,0.0,0.0,9.24,0.0,0.0,6.79,5.19,0.0,9.13,6.26,0.0
62,8.46,7.58,6.94,5.89,0.0,7.37,0.0,8.39,0.0,8.12,7.18,0.0,6.86,6.38,5.95,0.0,6.27,6.65,0.0,10.0,0.0,0.0,0.0,0.0,0.0,0.0,4.73,0.0,7.2,7.41,6.36,6.73,0.0,0.0,9.56,9.17,0.0,0.0,0.0,2.97,0.0,6.7,6.37,0.0,0.0,8.96,3.74,0.0,0.0,0.0,5.73,8.26,8.67,0.0,6.15,0.0,0.0,0.0,8.53,0.0,7.6,6.27,6.08,0.0,6.64,0.0,0.0,0.0,6.82,7.43,0.0,0.0,0.0,5.48,8.08,6.72
63,6.74,0.0,8.18,7.11,0.0,0.0,0.0,9.18,8.19,0.0,4.7,0.0,0.0,7.56,0.0,5.86,7.48,6.35,0.0,0.0,0.0,5.1,0.0,0.0,5.76,5.34,0.0,7.1,0.0,9.55,6.77,0.0,0.0,8.1,8.82,0.0,0.0,0.0,0.0,0.0,8.08,6.76,6.13,8.61,0.0,9.07,6.24,0.0,0.0,8.06,3.33,7.2,0.0,7.25,9.51,4.89,4.3,0.0,0.0,0.0,0.0,6.24,7.69,6.39,0.0,0.0,7.81,0.0,0.0,7.81,0.0,7.81,10.0,7.54,0.0,0.0
64,0.0,0.0,5.74,6.4,7.37,0.0,4.91,7.51,3.37,8.11,9.11,0.0,0.0,0.0,0.0,7.35,0.0,6.47,0.0,8.89,6.94,7.04,0.0,0.0,0.0,0.0,0.0,5.84,0.0,0.0,8.62,0.0,5.56,0.0,0.0,8.26,0.0,0.0,7.75,0.0,0.0,0.0,0.0,0.0,0.0,2.52,4.55,0.0,3.87,0.0,8.36,0.0,0.0,5.2,0.0,3.99,6.26,0.0,5.63,4.36,9.45,6.43,0.0,0.0,8.42,0.0,0.0,0.0,0.0,0.0,5.23,0.0,0.0,4.69,8.79,7.88
65,10.0,6.77,7.8,8.68,0.0,0.0,6.63,7.73,0.0,0.0,0.0,9.03,7.94,7.44,7.1,0.0,0.0,0.0,0.0,8.47,8.47,7.03,9.07,8.28,7.96,0.0,0.0,8.05,0.0,8.19,10.0,8.37,0.0,0.0,0.0,9.27,8.07,7.93,8.94,0.0,7.35,0.0,8.75,0.0,9.68,8.24,7.59,7.95,7.38,0.0,6.99,7.88,9.59,7.67,7.27,7.36,8.89,0.0,0.0,7.42,0.0,8.82,0.0,8.37,7.11,8.63,7.94,8.31,8.3,0.0,8.14,9.39,8.54,8.05,0.0,0.0
66,6.46,8.57,0.0,0.0,6.76,0.0,7.4,0.0,6.78,0.0,7.4,6.92,5.17,6.37,0.0,7.29,8.72,6.73,4.93,7.86,6.29,0.0,6.32,6.31,5.38,0.0,0.0,7.13,0.0,8.54,8.71,0.0,7.47,0.0,6.1,0.0,6.69,7.56,8.25,8.17,0.0,0.0,6.32,0.0,0.0,0.0,0.0,8.36,7.02,0.0,0.0,6.9,7.45,0.0,7.85,7.34,6.26,0.0,7.67,0.0,0.0,7.26,0.0,6.65,7.6,0.0,6.21,5.46,6.73,6.44,7.8,0.0,0.0,0.0,8.09,7.62
67,0.0,7.83,0.0,6.73,0.0,6.65,8.58,4.84,0.0,7.84,7.58,6.43,5.33,0.0,7.66,0.0,0.0,0.0,7.01,0.0,0.0,6.58,7.01,0.0,0.0,7.17,6.5,8.84,9.38,0.0,0.0,7.35,9.03,0.0,0.0,0.0,7.06,7.6,6.61,0.0,0.0,0.0,0.0,0.0,7.9,8.05,0.0,0.0,0.0,9.62,0.0,0.0,0.0,5.89,0.0,6.93,6.92,0.0,0.0,8.83,8.55,7.52,6.55,0.0,9.88,0.0,0.0,6.31,0.0,6.17,0.0,9.33,7.16,4.52,0.0,0.0
68,8.64,0.0,0.0,0.0,0.0,8.59,8.69,8.63,0.0,7.62,7.29,7.72,7.99,0.0,0.0,8.64,0.0,8.3,0.0,7.28,8.34,7.25,0.0,7.38,0.0,8.69,0.0,8.73,6.67,7.53,0.0,0.0,0.0,8.57,0.0,0.0,0.0,0.0,7.37,7.71,8.64,0.0,0.0,0.0,0.0,9.44,0.0,0.0,0.0,4.86,6.52,0.0,8.12,8.28,7.92,0.0,0.0,0.0,0.0,0.0,0.0,0.0,6.82,8.61,0.0,8.63,0.0,0.0,6.21,10.0,9.72,8.15,0.0,0.0,0.0,0.0
69,0.0,8.77,7.89,6.33,5.11,5.15,6.22,8.0,0.0,10.0,10.0,0.0,0.0,4.98,0.0,8.1,0.0,4.99,0.0,10.0,9.47,0.0,9.98,8.38,0.0,0.0,4.67,9.06,9.12,0.0,0.0,8.76,7.99,7.42,9.49,0.0,0.0,0.0,0.0,6.92,0.0,0.0,0.0,10.0,0.0,0.0,8.56,7.64,0.0,9.09,0.0,7.28,0.0,9.95,7.7,10.0,5.42,8.63,0.0,0.0,4.53,10.0,9.38,8.24,8.38,7.04,7.43,0.0,8.11,0.0,5.36,9.74,0.0,0.0,8.85,7.23
70,9.24,0.0,0.0,0.0,0.0,8.43,9.42,0.0,0.0,5.5,8.85,8.52,0.0,0.0,0.0,9.46,0.0,0.0,6.01,7.44,9.17,6.88,7.91,9.49,6.11,8.89,7.12,0.0,7.0,9.21,9.74,6.96,6.45,0.0,9.03,7.45,7.55,0.0,0.0,0.0,0.0,0.0,9.46,0.0,0.0,7.67,6.88,0.0,0.0,0.0,6.94,0.0,7.23,9.24,0.0,6.69,0.0,0.0,9.94,0.0,7.83,0.0,0.0,6.38,8.94,6.01,0.0,9.8,0.0,0.0,8.26,0.0,0.0,7.35,9.05,10.0
71,8.55,0.0,0.0,0.0,8.17,8.38,6.81,0.0,0.0,9.17,8.72,9.61,0.0,7.94,0.0,8.53,7.49,0.0,6.99,6.91,0.0,8.67,0.0,0.0,8.44,0.0,6.92,9.17,0.0,0.0,0.0,0.0,0.0,0.0,9.12,9.36,0.0,0.0,8.64,9.67,6.25,0.0,0.0,7.24,0.0,7.35,0.0,0.0,9.64,9.14,7.95,8.31,0.0,7.77,7.12,7.4,8.01,0.0,0.0,7.27,7.64,8.29,7.27,6.24,0.0,7.95,0.0,8.21,0.0,0.0,0.0,9.25,6.67,0.0,8.82,0.0
72,0.0,6.04,0.0,10.0,4.66,0.0,8.22,0.0,0.0,9.21,10.0,4.94,0.0,4.29,8.13,0.0,0.0,8.26,6.24,7.77,6.32,8.07,8.91,0.0,8.64,8.45,0.0,0.0,8.06,7.64,0.0,10.0,7.0,0.0,9.6,7.17,9.37,5.36,0.0,0.0,6.89,0.0,5.35,9.99,6.82,6.91,10.0,10.0,0.0,9.45,0.0,7.28,0.0,5.88,7.71,0.0,6.4,6.74,8.17,6.19,0.0,10.0,9.04,0.0,8.01,0.0,7.12,0.0,0.0,5.7,9.07,6.63,0.0,6.74,7.73,0.0
73,8.51,8.37,0.0,8.47,7.66,7.99,0.0,7.71,7.01,0.0,7.53,7.58,0.0,7.05,7.9,7.86,0.0,8.24,7.44,0.0,7.25,0.0,8.02,0.0,7.84,0.0,8.94,0.0,0.0,0.0,7.65,8.26,0.0,7.79,0.0,0.0,0.0,0.0,0.0,0.0,8.79,0.0,7.94,0.0,8.18,8.71,0.0,0.0,8.07,0.0,0.0,8.62,0.0,8.21,7.61,7.76,8.32,7.61,0.0,8.68,8.34,0.0,0.0,8.26,7.93,0.0,7.59,7.91,0.0,0.0,0.0,0.0,0.0,0.0,0.0,8.28
74,0.0,0.0,8.63,8.56,0.0,0.0,0.0,10.0,0.0,0.0,0.0,0.0,6.67,9.49,0.0,0.0,9.77,8.45,0.0,0.0,5.73,7.18,7.55,0.0,7.81,0.0,9.26,6.11,0.0,8.99,0.0,6.51,0.0,10.0,10.0,10.0,0.0,0.0,7.22,5.34,0.0,0.0,0.0,0.0,0.0,9.13,7.13,10.0,0.0,8.75,6.28,0.0,4.1,8.91,8.17,0.0,8.06,0.0,0.0,7.05,0.0,0.0,6.82,0.0,0.0,0.0,7.84,7.03,0.0,10.0,0.0,0.0,7.79,0.0,0.0,10.0
75,9.0,0.0,0.0,0.0,5.99,7.6,7.49,5.83,0.0,7.06,0.0,0.0,0.0,7.75,0.0,9.05,0.0,6.41,0.0,0.0,6.41,7.19,0.0,0.0,0.0,7.8,0.0,0.0,0.0,5.71,5.9,0.0,0.0,6.83,0.0,6.6,0.0,8.88,0.0,5.74,0.0,0.0,0.0,6.44,8.41,0.0,5.75,0.0,0.0,0.0,6.62,0.0,7.29,0.0,7.0,0.0,5.5,0.0,0.0,0.0,8.88,0.0,0.0,0.0,6.53,0.0,6.67,8.78,4.97,0.0,7.76,0.0,6.05,0.0,0.0,6.97
76,9.27,8.39,8.2,9.47,8.45,0.0,8.59,6.23,0.0,9.71,5.94,0.0,7.18,10.0,6.87,0.0,0.0,9.64,0.0,5.8,0.0,0.0,0.0,8.7,8.55,0.0,7.51,8.26,0.0,0.0,7.79,6.63,0.0,0.0,8.0,0.0,4.95,7.54,7.02,8.29,6.59,7.09,9.58,0.0,7.06,8.0,9.39,0.0,8.63,0.0,0.0,0.0,0.0,0.0,7.05,7.27,0.0,7.23,0.0,6.73,8.09,0.0,0.0,0.0,9.78,6.49,8.95,8.02,0.0,0.0,5.25,0.0,9.36,0.0,0.0,0.0
77,7.29,6.92,7.82,0.0,7.05,6.72,0.0,6.07,0.0,0.0,0.0,6.93,0.0,7.0,0.0,0.0,5.91,6.35,0.0,6.09,5.79,0.0,7.34,0.0,0.0,7.78,7.14,0.0,7.7,0.0,0.0,7.13,7.19,5.89,0.0,0.0,6.98,7.12,7.2,0.0,0.0,7.11,6.85,0.0,7.8,0.0,0.0,7.35,6.4,0.0,0.0,7.18,7.49,0.0,6.09,7.63,8.0,6.08,6.21,0.0,6.13,7.4,7.02,0.0,6.35,7.58,5.33,7.93,7.44,6.55,7.38,0.0,0.0,7.37,7.85,0.0
78,0.0,0.0,0.0,7.39,0.0,6.39,9.05,7.3,0.0,6.32,7.32,6.17,0.0,0.0,8.56,5.75,6.46,0.0,0.0,4.01,6.41,7.87,5.47,6.14,0.0,7.99,0.0,0.0,3.76,8.37,8.81,0.0,7.73,0.0,8.97,0.0,7.94,8.48,0.0,7.64,9.14,5.12,6.73,5.14,6.25,6.77,0.0,7.93,0.0,0.0,8.29,6.04,5.1,7.6,7.81,0.0,5.1,0.0,6.57,10.0,6.44,6.81,4.42,9.1,0.0,0.0,0.0,0.0,6.41,3.09,9.54,8.81,7.58,5.33,7.52,7.08
79,0.0,0.0,0.0,6.36,7.21,0.0,6.08,7.2,0.0,0.0,0.0,0.0,0.0,6.95,7.1,7.32,7.25,7.15,0.0,7.47,0.0,0.0,7.59,7.53,0.0,5.89,7.24,7.28,0.0,0.0,7.48,6.88,6.93,0.0,6.84,0.0,0.0,6.88,0.0,0.0,7.25,7.65,0.0,7.11,5.53,0.0,6.44,5.62,8.24,0.0,0.0,7.42,0.0,0.0,6.76,6.85,7.37,0.0,7.2,7.65,0.0,6.4,0.0,7.51,6.49,0.0,0.0,0.0,5.85,6.76,6.64,7.25,7.45,0.0,7.06,0.0
80,7.82,7.15,0.0,7.68,8.0,7.69,0.0,8.27,0.0,7.47,0.0,0.0,8.5,8.43,8.18,8.05,0.0,0.0,7.8,7.99,0.0,0.0,8.43,7.96,0.0,0.0,0.0,0.0,8.69,0.0,7.9,0.0,8.48,6.91,0.0,8.35,8.76,0.0,8.5,0.0,7.92,8.11,7.98,8.08,0.0,8.25,0.0,8.56,7.36,8.56,0.0,8.28,8.18,0.0,8.0,8.36,7.58,7.51,7.47,0.0,7.53,0.0,0.0,0.0,8.25,8.01,8.19,8.06,0.0,0.0,7.55,7.74,7.91,7.79,7.53,0.0
81,6.81,8.33,7.86,7.39,0.0,6.98,6.45,7.52,0.0,0.0,0.0,7.37,6.9,0.0,6.15,7.99,0.0,0.0,0.0,0.0,8.16,0.0,0.0,6.34,7.42,0.0,7.5,0.0,0.0,0.0,0.0,8.05,0.0,0.0,0.0,6.55,6.76,7.1,7.06,7.03,0.0,7.87,6.51,0.0,0.0,0.0,0.0,0.0,6.61,0.0,0.0,6.52,8.17,0.0,0.0,6.23,0.0,7.05,7.59,0.0,6.29,8.17,6.5,0.0,7.62,0.0,8.07,0.0,7.31,7.09,0.0,0.0,8.73,6.5,0.0,0.0
82,8.95,6.84,0.0,9.54,0.0,8.98,7.29,6.9,0.0,0.0,0.0,7.74,8.23,0.0,9.03,7.25,0.0,0.0,0.0,6.05,0.0,7.69,7.8,0.0,0.0,6.8,7.73,8.61,0.0,0.0,9.1,7.21,7.41,7.14,8.16,6.63,9.28,9.38,0.0,6.6,7.55,0.0,0.0,9.73,9.44,7.6,0.0,0.0,0.0,6.6,0.0,7.62,7.79,0.0,0.0,0.0,0.0,0.0,8.78,8.44,0.0,7.64,0.0,0.0,0.0,0.0,0.0,7.24,9.19,7.04,0.0,8.02,6.25,0.0,8.54,8.62
83,8.2,9.15,0.0,7.07,7.3,0.0,8.61,0.0,0.0,7.14,6.6,0.0,0.0,0.0,0.0,7.95,0.0,4.41,6.62,7.17,0.0,9.65,7.77,0.0,8.46,0.0,0.0,3.68,4.51,0.0,6.08,8.5,6.47,0.0,0.0,0.0,0.0,10.0,7.97,7.91,5.34,6.72,7.97,7.42,0.0,7.73,0.0,0.0,5.73,7.58,0.0,7.11,6.15,6.07,0.0,7.25,6.31,6.86,0.0,7.22,8.93,0.0,5.74,6.67,6.84,7.38,6.3,5.02,6.82,0.0,0.0,0.0,8.63,6.61,0.0,6.17
84,8.58,9.61,7.81,0.0,0.0,8.24,8.82,7.26,8.89,0.0,0.0,8.5,0.0,0.0,7.9,9.45,7.69,0.0,8.11,5.75,0.0,0.0,0.0,8.99,0.0,0.0,8.32,8.41,0.0,7.99,9.42,10.0,7.23,0.0,9.28,0.0,0.0,0.0,8.06,10.0,8.02,8.37,8.05,0.0,6.63,10.0,6.26,0.0,0.0,0.0,0.0,7.28,7.61,5.7,0.0,0.0,6.41,9.46,7.18,9.92,0.0,9.4,0.0,0.0,6.6,7.17,8.86,0.0,10.0,0.0,0.0,8.58,0.0,0.0,8.89,9.0
85,0.0,0.0,8.55,0.0,7.23,9.19,7.32,0.0,0.0,7.22,0.0,0.0,0.0,8.18,10.0,0.0,7.25,7.91,7.96,0.0,0.0,6.49,7.62,6.45,0.0,8.61,4.55,6.09,0.0,0.0,5.86,0.0,0.0,0.0,0.0,0.0,0.0,0.0,7.27,0.0,9.4,0.0,0.0,6.59,0.0,5.75,0.0,0.0,10.0,9.02,8.1,6.57,6.42,5.41,0.0,0.0,7.8,0.0,2.93,0.0,6.17,7.99,8.26,0.0,0.0,0.0,9.21,0.0,0.0,0.0,6.07,0.0,6.67,7.45,7.62,7.43
86,0.0,9.21,8.37,8.57,6.97,0.0,8.35,8.18,0.0,0.0,0.0,0.0,0.0,0.0,7.74,8.39,8.57,0.0,0.0,0.0,8.08,0.0,0.0,8.21,0.0,0.0,0.0,0.0,0.0,0.0,0.0,7.6,9.17,0.0,8.67,0.0,0.0,0.0,8.37,8.44,0.0,0.0,0.0,8.13,0.0,0.0,0.0,7.1,6.59,0.0,0.0,8.58,7.9,0.0,7.79,0.0,7.7,0.0,0.0,0.0,7.6,8.59,6.89,7.3,0.0,7.28,0.0,0.0,8.02,0.0,7.3,0.0,0.0,7.69,7.26,8.22
87,0.0,0.0,8.35,6.37,9.25,0.0,8.88,3.61,0.0,8.28,7.46,0.0,0.0,0.0,8.14,0.0,7.75,0.0,8.28,4.6,0.0,0.0,0.0,7.67,0.0,0.0,0.0,0.0,5.22,0.0,0.0,9.48,5.81,0.0,0.0,8.48,6.07,7.32,6.39,3.03,7.9,7.75,4.64,0.0,4.9,0.0,0.0,0.0,2.83,2.93,8.32,0.0,7.84,6.01,0.0,7.26,7.0,0.0,0.0,0.0,7.91,0.0,0.0,0.0,9.4,0.0,9.99,0.0,0.0,0.0,0.0,0.0,0.0,7.66,9.88,0.0
88,0.0,8.05,6.56,7.45,0.0,6.3,5.92,0.0,6.58,0.0,6.95,0.0,7.21,6.18,0.0,0.0,0.0,0.0,0.0,7.06,0.0,7.16,0.0,0.0,7.83,0.0,7.79,6.09,6.32,8.4,7.76,7.34,7.05,0.0,0.0,6.96,0.0,7.84,6.27,0.0,0.0,6.87,0.0,0.0,6.81,0.0,7.2,8.02,6.34,7.12,6.5,0.0,8.39,7.79,0.0,6.59,0.0,8.94,8.77,0.0,0.0,8.66,6.58,7.88,7.65,0.0,7.22,5.86,8.34,6.46,4.81,7.04,6.32,7.72,0.0,7.3
89,0.0,0.0,8.12,8.22,0.0,7.8,8.24,8.5,0.0,0.0,8.26,0.0,0.0,0.0,0.0,0.0,0.0,7.83,0.0,0.0,0.0,8.73,0.0,0.0,0.0,0.0,7.95,0.0,7.62,8.37,0.0,0.0,0.0,0.0,7.81,7.13,7.94,8.37,7.0,7.64,0.0,7.86,0.0,8.03,7.8,7.86,8.4,0.0,0.0,7.69,8.26,0.0,7.95,0.0,7.81,8.07,8.43,8.94,0.0,0.0,7.15,8.36,7.66,7.78,0.0,7.26,7.93,8.07,7.52,0.0,8.07,7.8,7.93,0.0,8.7,0.0
90,7.81,0.0,0.0,0.0,0.0,0.0,7.08,8.32,0.0,8.21,7.37,0.0,8.56,7.72,0.0,7.79,7.87,0.0,7.85,0.0,7.8,0.0,0.0,0.0,0.0,0.0,8.21,0.0,8.11,7.49,0.0,0.0,0.0,0.0,0.0,7.88,7.65,7.84,0.0,8.14,8.07,0.0,7.71,7.64,0.0,0.0,7.22,7.7,0.0,8.96,7.81,0.0,0.0,7.77,8.0,7.7,7.61,8.04,0.0,0.0,0.0,0.0,7.7,7.54,7.0,8.09,7.98,8.28,0.0,7.87,0.0,7.51,0.0,0.0,0.0,7.75
91,8.84,0.0,0.0,8.0,0.0,10.0,8.32,0.0,0.0,6.02,7.08,0.0,0.0,7.42,0.0,0.0,0.0,9.85,0.0,0.0,6.22,0.0,6.44,6.32,0.0,3.05,8.08,0.0,0.0,0.0,0.0,0.0,0.0,4.65,0.0,6.02,0.0,8.94,6.34,0.0,6.08,0.0,7.19,0.0,8.33,0.0,8.19,0.0,0.0,7.16,0.0,7.72,0.0,0.0,0.0,0.0,10.0,9.01,7.53,8.53,5.72,0.0,0.0,9.51,8.72,9.13,0.0,8.47,0.0,7.14,5.95,9.29,0.0,0.0,0.0,8.68
92,10.0,6.34,0.0,0.0,8.12,9.61,7.88,8.88,8.73,9.2,0.0,0.0,7.02,6.97,10.0,7.58,6.95,0.0,7.48,8.08,5.63,6.76,0.0,8.75,8.83,0.0,9.91,4.2,0.0,9.74,0.0,0.0,6.84,0.0,0.0,0.0,0.0,10.0,8.97,0.0,0.0,0.0,7.49,0.0,7.93,8.9,0.0,0.0,10.0,8.34,0.0,7.98,0.0,0.0,6.35,0.0,7.9,0.0,9.49,0.0,7.85,8.81,0.0,0.0,0.0,6.96,0.0,8.75,8.88,0.0,0.0,8.32,9.48,0.0,0.0,7.0
93,7.83,0.0,0.0,9.31,5.11,7.31,0.0,0.0,0.0,0.0,0.0,0.0,0.0,10.0,5.39,6.44,0.0,0.0,0.0,8.05,3.55,0.0,5.24,0.0,8.68,3.94,10.0,0.0,0.0,0.0,0.0,10.0,10.0,0.0,8.29,0.0,0.0,6.4,0.0,0.0,0.0,7.39,0.0,0.0,5.45,0.0,0.0,0.0,0.0,3.71,6.78,0.0,5.44,6.15,10.0,5.8,6.63,3.88,9.54,0.0,0.0,5.77,0.0,0.0,0.0,0.0,0.0,0.0,7.09,6.34,0.0,5.05,0.0,5.08,0.0,0.0
94,0.0,10.0,7.54,0.0,0.0,0.0,0.0,7.61,8.58,8.14,0.0,10.0,9.51,10.0,0.0,9.71,7.18,9.66,0.0,7.25,0.0,10.0,0.0,0.0,7.45,0.0,9.19,6.87,0.0,0.0,8.97,0.0,0.0,7.99,6.57,0.0,0.0,0.0,8.61,6.92,0.0,0.0,8.99,0.0,6.2,6.82,0.0,8.99,8.09,6.31,0.0,0.0,0.0,0.0,9.42,9.89,5.21,8.88,0.0,8.4,0.0,0.0,8.83,0.0,4.24,7.15,6.79,3.69,9.16,0.0,9.55,6.65,0.0,9.65,8.93,0.0
95,0.0,6.36,0.0,7.51,5.87,0.0,0.0,7.03,10.0,6.33,7.1,0.0,0.0,6.71,0.0,6.34,6.68,0.0,0.0,0.0,0.0,0.0,0.0,0.0,0.0,8.51,7.34,8.19,0.0,0.0,0.0,7.23,0.0,0.0,6.53,0.0,0.0,0.0,0.0,0.0,6.67,0.0,0.0,0.0,0.0,8.25,0.0,0.0,0.0,0.0,0.0,0.0,7.69,7.44,7.52,0.0,7.98,8.02,6.69,7.18,9.43,7.29,6.97,0.0,7.04,6.34,0.0,6.2,6.83,5.81,8.62,8.01,0.0,0.0,6.3,0.0
96,0.0,0.0,0.0,8.55,8.84,7.46,0.0,7.92,7.62,0.0,0.0,0.0,0.0,7.95,8.21,0.0,0.0,7.54,0.0,0.0,8.45,8.04,0.0,8.26,0.0,0.0,0.0,7.99,7.34,0.0,0.0,8.29,0.0,0.0,8.17,0.0,0.0,8.15,8.51,0.0,8.23,0.0,8.34,8.56,0.0,0.0,0.0,0.0,8.12,7.66,0.0,0.0,8.33,7.51,8.54,0.0,0.0,0.0,0.0,0.0,0.0,0.0,7.46,7.94,0.0,8.15,7.4,0.0,7.86,8.13,9.14,0.0,7.56,7.55,7.83,0.0
97,6.63,6.42,0.0,0.0,8.68,0.0,0.0,0.0,0.0,0.0,0.0,5.88,0.0,9.06,0.0,6.2,9.53,6.94,0.0,7.91,8.08,7.3,0.0,0.0,6.62,0.0,0.0,7.3,5.15,6.22,8.11,0.0,7.83,7.3,6.81,6.81,0.0,7.27,0.0,7.21,0.0,6.86,0.0,7.12,0.0,7.38,0.0,8.22,9.98,0.0,0.0,8.03,0.0,0.0,7.07,8.32,6.55,0.0,7.58,0.0,5.74,7.84,8.0,8.36,7.9,6.8,7.63,0.0,8.06,0.0,7.6,0.0,0.0,0.0,0.0,0.0
98,0.0,0.0,8.57,0.0,0.0,10.0,9.53,0.0,7.07,0.0,0.0,7.03,0.0,0.0,7.01,6.07,5.24,6.44,0.0,6.25,6.07,5.39,6.74,8.88,9.54,8.35,5.92,8.41,9.89,7.67,8.7,0.0,6.39,6.95,0.0,0.0,5.98,8.1,9.31,9.25,7.31,0.0,4.51,8.78,7.35,0.0,5.99,0.0,5.0,7.42,0.0,4.82,4.91,8.89,7.29,0.0,0.0,3.92,5.38,0.0,9.14,10.0,6.87,0.0,5.38,0.0,5.14,0.0,0.0,0.0,5.22,0.0,0.0,0.0,0.0,5.48
99,6.83,9.11,0.0,6.77,7.47,7.79,8.96,0.0,7.73,0.0,7.1,8.34,0.0,0.0,7.15,0.0,8.66,7.86,0.0,8.59,7.35,8.14,0.0,0.0,6.44,9.68,0.0,0.0,0.0,9.54,7.63,0.0,8.06,7.5,7.61,7.91,0.0,0.0,7.1,7.82,7.5,0.0,8.23,7.63,0.0,7.21,0.0,0.0,8.69,7.88,0.0,6.85,0.0,0.0,0.0,7.93,0.0,0.0,7.05,9.57,7.51,0.0,0.0,0.0,0.0,7.64,6.84,8.64,0.0,8.97,8.45,6.38,0.0,7.59,0.0,0.0
100,10.0,0.0,0.0,0.0,0.0,5.26,9.0,0.0,9.26,6.47,0.0,4.98,4.64,0.0,0.0,6.54,5.72,3.36,6.74,0.0,0.0,0.0,8.53,9.08,0.0,6.24,8.34,4.31,0.0,6.71,8.21,8.6,8.43,4.32,4.18,0.0,7.22,6.06,6.68,0.0,8.45,0.0,3.7,6.02,6.26,0.0,0.0,0.0,7.66,6.11,0.0,8.7,0.0,8.16,6.03,8.95,0.0,6.04,0.0,0.0,0.0,7.89,8.16,0.0,0.0,0.0,8.12,0.0,5.42,0.0,0.0,8.16,0.0,0.0,0.0,7.33
101,0.0,8.36,0.0,0.0,0.0,8.15,8.68,7.35,0.0,7.19,7.91,7.16,7.75,0.0,0.0,9.42,7.99,7.76,0.0,6.63,6.19,0.0,8.45,0.0,0.0,8.48,0.0,0.0,6.19,8.91,8.52,6.44,8.15,8.29,0.0,0.0,8.4,0.0,8.75,8.98,7.28,8.67,8.26,7.29,8.33,7.45,8.78,8.11,0.0,0.0,0.0,8.2,9.0,0.0,0.0,7.94,8.74,0.0,8.81,0.0,0.0,0.0,7.91,0.0,8.17,0.0,7.96,7.39,6.34,7.83,8.72,0.0,8.74,7.39,8.27,8.64
102,0.0,0.0,7.93,0.0,0.0,7.94,8.69,0.0,0.0,7.58,0.0,0.0,7.68,9.11,9.08,0.0,8.34,0.0,8.2,6.21,8.89,9.07,8.08,0.0,8.51,7.67,6.91,7.59,0.0,0.0,0.0,0.0,0.0,9.15,0.0,7.81,9.08,8.09,0.0,7.62,0.0,0.0,0.0,0.0,8.65,0.0,7.58,7.44,0.0,7.38,7.65,9.87,7.81,0.0,7.67,8.02,0.0,7.74,0.0,8.63,0.0,0.0,6.09,0.0,0.0,0.0,8.29,5.84,0.0,6.45,0.0,9.25,0.0,8.1,0.0,7.91
103,0.0,0.0,0.0,6.6,6.49,7.09,5.67,0.0,6.64,0.0,6.65,6.5,0.0,6.78,0.0,7.58,6.84,0.0,0.0,0.0,6.74,6.2,0.0,7.57,0.0,0.0,7.42,0.0,6.74,7.09,7.81,0.0,0.0,7.33,0.0,0.0,6.88,0.0,6.72,0.0,7.11,7.24,7.6,7.46,0.0,0.0,0.0,0.0,8.25,0.0,0.0,0.0,0.0,0.0,0.0,6.22,6.99,8.04,7.62,6.72,7.24,5.52,7.7,0.0,0.0,0.0,0.0,0.0,6.9,7.38,6.68,0.0,6.44,0.0,5.29,0.0
104,0.0,0.0,6.95,6.44,8.76,0.0,0.0,0.0,0.0,8.48,7.28,8.54,4.76,6.39,0.0,0.0,9.18,6.28,0.0,6.38,7.45,6.08,8.33,6.24,6.22,0.0,6.07,0.0,0.0,8.22,6.98,6.89,6.38,0.0,7.24,0.0,8.57,0.0,0.0,6.68,7.63,7.57,7.86,0.0,6.63,7.63,7.74,0.0,5.97,0.0,9.73,0.0,0.0,6.98,0.0,0.0,0.0,0.0,0.0,0.0,9.23,0.0,0.0,0.0,4.15,0.0,0.0,7.03,0.0,7.81,0.0,0.0,8.22,5.0,0.0,0.0
105,7.64,8.8,0.0,0.0,6.98,7.4,0.0,8.69,0.0,0.0,7.28,8.34,7.55,0.0,0.0,0.0,7.73,7.43,0.0,0.0,9.01,0.0,0.0,8.05,7.72,6.78,9.11,7.83,0.0,8.95,0.0,6.43,5.92,8.51,0.0,7.32,7.11,8.5,8.84,0.0,8.57,9.16,7.7,0.0,0.0,7.11,0.0,6.21,8.96,7.9,7.46,8.74,0.0,0.0,9.18,0.0,0.0,0.0,0.0,7.37,0.0,0.0,7.87,7.52,0.0,0.0,8.25,6.49,0.0,0.0,0.0,7.9,0.0,9.12,7.99,0.0
106,9.17,0.0,7.88,0.0,0.0,8.17,0.0,0.0,0.0,0.0,7.12,8.46,8.12,7.82,0.0,0.0,0.0,7.02,0.0,7.99,8.04,0.0,0.0,8.48,7.2,8.36,7.08,0.0,9.33,7.56,7.5,0.0,0.0,7.65,0.0,7.84,7.87,7.18,7.92,0.0,9.04,7.7,0.0,0.0,8.83,8.23,7.93,0.0,0.0,8.08,0.0,7.93,7.83,7.38,8.69,7.14,0.0,0.0,7.6,7.93,8.22,0.0,8.84,7.44,8.46,8.91,7.17,8.25,0.0,8.62,8.08,8.98,0.0,0.0,0.0,8.64
107,0.0,6.41,0.0,6.61,7.31,0.0,6.94,7.49,0.0,6.69,0.0,6.29,7.42,0.0,0.0,7.27,7.09,0.0,9.38,6.94,7.1,0.0,7.81,0.0,5.65,8.25,0.0,7.19,8.57,6.98,8.31,0.0,7.06,0.0,0.0,6.55,7.87,7.23,0.0,7.14,0.0,6.46,8.16,7.7,8.04,0.0,0.0,5.94,0.0,0.0,8.54,6.9,6.79,0.0,6.68,0.0,7.78,5.64,0.0,0.0,6.79,7.97,7.59,5.76,0.0,7.7,0.0,0.0,6.32,7.04,7.6,7.51,0.0,0.0,6.84,5.63
108,0.0,8.31,0.0,0.0,7.97,8.05,0.0,7.76,7.73,8.15,0.0,0.0,7.99,7.9,0.0,7.55,0.0,7.47,8.16,8.71,8.25,0.0,8.36,8.55,7.84,8.39,8.95,8.21,8.17,0.0,8.22,7.31,0.0,8.06,7.84,7.95,8.5,7.8,7.67,0.0,0.0,0.0,0.0,8.47,7.94,7.66,7.32,8.0,8.25,7.73,7.81,0.0,0.0,0.0,0.0,7.55,7.84,8.29,6.99,0.0,0.0,8.67,0.0,0.0,8.63,0.0,7.64,0.0,7.73,0.0,8.08,7.8,8.04,0.0,8.83,0.0
109,0.0,0.0,0.0,6.69,0.0,0.0,0.0,0.0,0.0,6.21,0.0,0.0,0.0,0.0,6.46,0.0,0.0,4.75,6.57,0.0,5.23,7.38,6.89,5.41,6.78,0.0,5.77,0.0,0.0,7.61,0.0,7.28,6.66,6.58,7.08,7.66,4.9,6.32,0.0,0.0,6.71,9.16,0.0,7.08,0.0,9.99,6.11,4.64,0.0,0.0,8.39,7.77,0.0,0.0,6.95,7.43,7.43,8.03,6.23,0.0,0.0,0.0,5.62,0.0,6.65,7.42,0.0,0.0,6.43,5.41,7.14,0.0,5.81,0.0,8.56,0.0
110,8.84,7.69,0.0,0.0,7.13,4.74,6.4,0.0,8.09,7.73,0.0,0.0,0.0,0.0,0.0,0.0,0.0,4.76,9.58,0.0,0.0,0.0,0.0,0.0,6.66,7.11,6.92,10.0,0.0,0.0,8.04,0.0,0.0,0.0,5.71,7.14,0.0,7.96,5.45,7.27,0.0,5.97,5.91,9.78,5.09,0.0,0.0,0.0,0.0,0.0,10.0,7.18,7.35,8.77,8.92,0.0,7.39,10.0,4.87,7.18,8.4,3.59,4.92,0.0,6.03,6.01,0.0,8.81,10.0,8.84,0.0,0.0,7.67,0.0,6.44,5.14
111,7.79,6.72,4.02,6.99,0.0,0.0,6.22,5.05,6.07,7.16,4.54,0.0,4.04,5.89,7.17,0.0,5.45,0.0,0.0,7.97,0.0,0.0,0.0,8.45,6.8,5.87,9.32,6.44,5.19,0.0,7.04,4.23,0.0,7.54,0.0,6.74,1.84,5.37,6.02,0.0,0.0,9.64,0.0,6.33,0.0,0.0,5.58,10.0,0.0,2.83,0.0,0.0,7.4,8.62,7.82,10.0,5.92,0.0,5.85,0.0,6.86,6.3,0.0,0.0,7.15,6.7,8.23,0.0,6.09,0.0,5.88,7.29,0.0,6.73,8.64,8.87
112,5.11,5.89,5.8,0.0,0.0,0.0,8.04,6.19,0.0,0.0,0.0,6.99,7.06,0.0,0.0,4.43,3.9,7.55,6.76,0.0,8.58,0.0,0.0,0.0,7.15,6.74,6.88,0.0,7.79,9.74,8.43,0.0,0.0,0.0,9.48,5.0,8.32,6.43,0.0,0.0,6.94,7.18,9.2,5.95,0.0,0.0,0.0,0.0,5.4,4.16,0.0,0.0,0.0,0.0,6.16,0.0,0.0,10.0,4.73,6.04,6.37,0.0,0.0,0.0,8.55,0.0,4.57,0.0,5.9,0.0,7.27,0.0,0.0,7.88,4.81,5.63
113,0.0,0.0,0.0,0.0,0.0,0.0,0.0,0.0,7.17,0.0,6.51,0.0,0.0,7.19,6.93,0.0,7.18,8.13,0.0,5.97,0.0,0.0,7.23,6.48,7.81,6.82,0.0,6.9,6.73,0.0,0.0,0.0,0.0,0.0,0.0,7.04,0.0,7.0,0.0,0.0,0.0,7.1,0.0,0.0,0.0,8.21,7.17,7.98,0.0,0.0,0.0,0.0,0.0,7.12,6.65,0.0,6.63,0.0,6.37,5.76,7.43,0.0,0.0,0.0,6.66,0.0,7.36,0.0,8.16,8.37,7.06,5.67,0.0,7.11,0.0,7.97
114,7.58,0.0,9.47,6.6,10.0,0.0,0.0,7.75,0.0,0.0,10.0,0.0,6.49,0.0,0.0,8.83,5.81,7.75,8.92,8.9,9.61,9.73,0.0,0.0,0.0,0.0,0.0,8.16,7.98,0.0,0.0,5.42,8.89,0.0,8.96,0.0,0.0,0.0,8.56,8.41,0.0,7.33,0.0,0.0,5.32,0.0,5.66,8.47,0.0,0.0,7.61,6.89,7.53,0.0,0.0,7.99,0.0,0.0,0.0,6.9,0.0,0.0,8.15,6.36,8.14,6.09,8.44,0.0,10.0,0.0,7.83,6.26,6.36,9.22,9.23,8.57
115,0.0,3.47,0.0,0.0,7.84,0.0,0.0,9.07,0.0,6.21,7.16,7.28,0.0,0.0,0.0,0.0,6.72,0.0,5.18,8.35,7.36,7.08,0.0,0.0,8.78,5.97,0.0,0.0,0.0,9.86,0.0,0.0,0.0,0.0,9.47,0.0,0.0,0.0,0.0,8.59,0.0,0.0,7.67,0.0,10.0,7.87,10.0,0.0,0.0,0.0,0.0,0.0,8.46,7.41,8.47,0.0,0.0,0.0,0.0,0.0,0.0,9.9,0.0,8.0,7.31,6.19,6.47,0.0,4.9,8.03,5.47,0.0,9.61,5.73,6.59,7.44
116,7.35,0.0,0.0,0.0,0.0,8.9,5.79,0.0,8.31,0.0,7.35,8.02,0.0,6.87,5.7,6.85,0.0,0.0,0.0,7.27,0.0,5.71,0.0,5.8,0.0,0.0,0.0,0.0,5.74,0.0,0.0,0.0,0.0,0.0,7.18,0.0,0.0,0.0,0.0,0.0,5.99,0.0,4.2,0.0,5.66,0.0,7.9,6.29,5.9,0.0,0.0,7.59,0.0,0.0,7.93,6.41,6.96,8.14,0.0,0.0,6.58,7.94,8.24,0.0,5.98,0.0,0.0,7.59,0.0,7.2,7.28,3.93,0.0,0.0,0.0,8.69
117,0.0,7.07,8.05,7.01,7.37,6.82,0.0,5.78,0.0,0.0,0.0,0.0,7.43,9.25,5.04,0.0,0.0,8.7,0.0,7.38,7.43,0.0,0.0,6.22,0.0,0.0,9.09,6.4,0.0,9.22,9.04,6.35,0.0,0.0,0.0,7.0,6.93,0.0,6.84,0.0,0.0,0.0,7.95,8.1,7.11,0.0,6.73,7.9,0.0,0.0,0.0,0.0,0.0,0.0,0.0,5.52,10.0,0.0,7.33,6.4,0.0,0.0,7.88,0.0,5.8,0.0,5.5,0.0,7.45,6.46,0.0,7.46,0.0,6.22,6.94,0.0
118,7.67,0.0,0.0,0.0,2.69,0.0,8.31,6.42,0.0,5.93,0.0,5.46,0.0,6.52,0.0,9.02,8.31,0.0,8.07,9.39,4.29,7.01,6.24,0.0,0.0,7.89,0.0,0.0,7.28,0.0,0.0,8.56,5.26,7.93,6.29,5.21,6.94,7.92,8.47,0.0,0.0,8.94,0.0,7.8,0.0,6.5,0.0,3.86,0.0,4.03,0.0,0.0,6.41,0.0,0.0,6.71,4.3,6.12,7.41,0.0,7.63,3.56,7.45,8.29,0.0,0.0,9.08,6.65,0.0,8.17,7.04,0.0,0.0,7.01,5.03,7.19
119,0.0,3.78,6.94,6.6,7.6,8.69,4.63,0.0,5.2,0.0,0.0,0.0,0.0,8.12,0.0,7.26,4.96,8.89,8.65,0.0,7.07,0.0,0.0,7.53,0.0,5.4,4.98,0.0,0.0,6.15,6.36,6.82,0.0,10.0,6.95,0.0,6.33,7.39,0.0,4.47,7.62,7.81,7.25,0.0,0.0,0.0,7.96,0.0,0.0,5.83,8.15,0.0,8.39,0.0,0.0,8.14,0.0,8.84,0.0,7.16,5.24,6.72,9.11,8.41,0.0,5.48,6.24,7.07,6.47,6.2,10.0,0.0,3.73,10.0,0.0,7.42
120,7.44,8.3,0.0,0.0,7.43,7.76,8.68,0.0,8.24,0.0,8.61,0.0,0.0,0.0,7.94,8.43,0.0,7.63,0.0,0.0,7.2,8.56,0.0,0.0,0.0,6.4,0.0,0.0,0.0,0.0,7.61,0.0,8.22,8.98,0.0,0.0,0.0,0.0,8.42,8.5,8.19,0.0,6.48,9.36,7.45,8.17,9.12,7.96,7.54,0.0,7.68,8.15,6.98,8.02,0.0,0.0,7.88,0.0,9.09,0.0,8.73,0.0,9.64,0.0,8.54,0.0,7.38,0.0,8.16,0.0,0.0,8.45,0.0,8.11,7.97,8.75
121,8.17,8.61,7.5,6.51,8.27,9.19,6.89,0.0,9.35,0.0,6.13,0.0,10.0,9.26,0.0,8.52,0.0,5.26,0.0,0.0,0.0,0.0,8.58,9.11,8.83,0.0,7.12,0.0,0.0,7.74,7.92,0.0,4.43,0.0,0.0,0.0,10.0,7.0,9.86,9.44,0.0,0.0,0.0,7.11,0.0,8.75,8.18,8.1,0.0,0.0,7.81,0.0,9.1,7.09,7.16,0.0,0.0,8.69,0.0,0.0,6.7,8.59,0.0,0.0,8.6,7.35,0.0,6.35,9.53,10.0,0.0,6.15,0.0,0.0,0.0,6.72
122,9.28,6.5,7.96,0.0,0.0,0.0,0.0,6.71,4.93,8.6,7.34,6.34,0.0,0.0,0.0,0.0,0.0,6.86,0.0,6.62,5.61,9.05,0.0,7.33,6.33,0.0,6.86,0.0,0.0,0.0,6.93,0.0,0.0,7.14,7.81,7.13,0.0,0.0,6.21,6.62,6.89,7.56,8.34,0.0,7.04,0.0,0.0,0.0,6.65,8.17,0.0,8.11,5.89,5.37,7.24,6.58,5.63,8.43,0.0,7.22,5.58,0.0,7.12,7.05,7.25,0.0,6.29,8.53,8.04,0.0,7.3,7.52,0.0,5.59,7.07,7.37
123,0.0,8.24,10.0,0.0,0.0,0.0,8.76,0.0,0.0,0.0,0.0,0.0,8.96,0.0,0.0,9.66,0.0,8.81,0.0,0.0,6.31,8.21,0.0,8.26,9.54,7.5,0.0,8.24,0.0,0.0,0.0,8.44,9.55,5.8,0.0,0.0,0.0,0.0,7.39,0.0,0.0,0.0,0.0,0.0,0.0,0.0,7.87,0.0,0.0,0.0,0.0,6.64,0.0,0.0,0.0,0.0,0.0,7.8,6.81,0.0,0.0,0.0,7.43,6.79,0.0,0.0,10.0,0.0,5.44,8.87,6.04,6.13,7.03,8.54,0.0,6.77
124,7.86,0.0,7.83,0.0,7.96,7.81,7.56,7.94,8.37,8.58,0.0,8.76,7.88,0.0,0.0,0.0,0.0,8.27,0.0,7.59,8.19,8.37,7.69,8.59,0.0,8.54,8.91,7.59,0.0,8.13,7.87,7.87,0.0,8.36,0.0,7.64,6.75,8.1,0.0,8.42,7.2,7.58,0.0,0.0,7.65,0.0,7.81,0.0,0.0,7.62,8.45,0.0,0.0,7.36,0.0,0.0,0.0,0.0,0.0,7.19,8.76,7.42,8.0,7.57,0.0,0.0,0.0,0.0,8.58,7.8,0.0,0.0,8.66,0.0,0.0,0.0
125,8.51,7.98,9.64,0.0,8.04,8.68,0.0,7.97,0.0,0.0,8.14,0.0,6.46,8.82,0.0,7.78,9.09,7.7,0.0,8.51,7.43,9.22,0.0,7.09,6.79,0.0,0.0,0.0,0.0,0.0,0.0,0.0,7.18,8.08,0.0,7.83,8.41,0.0,0.0,0.0,0.0,0.0,7.78,0.0,8.12,8.75,0.0,0.0,0.0,0.0,6.75,8.07,8.38,9.09,7.54,0.0,0.0,0.0,0.0,0.0,7.15,0.0,0.0,8.25,0.0,0.0,0.0,0.0,0.0,8.16,6.93,0.0,8.74,0.0,0.0,7.13
126,0.0,6.01,8.22,0.0,5.38,0.0,9.14,0.0,7.63,0.0,0.0,0.0,0.0,0.0,0.0,7.94,0.0,0.0,6.41,5.75,8.48,8.46,7.51,5.92,0.0,0.0,0.0,0.0,0.0,5.75,7.19,7.17,6.78,6.46,6.46,6.6,0.0,7.75,8.24,0.0,0.0,6.22,0.0,5.76,0.0,6.56,8.5,0.0,7.28,0.0,0.0,0.0,0.0,7.39,0.0,0.0,7.26,0.0,0.0,7.43,0.0,0.0,6.1,0.0,5.96,0.0,7.55,0.0,8.29,0.0,7.55,0.0,0.0,0.0,0.0,8.33
127,0.0,0.0,0.0,6.14,0.0,10.0,8.76,0.0,7.35,8.17,0.0,0.0,0.0,0.0,7.31,8.08,0.0,0.0,4.26,0.0,0.0,0.0,7.87,6.96,0.0,4.82,0.0,0.0,0.0,7.53,6.72,0.0,8.95,3.05,0.0,0.0,0.0,0.0,7.73,8.68,0.0,8.81,0.0,9.58,6.75,0.0,0.0,0.0,8.77,0.0,0.0,0.0,0.0,7.84,6.65,10.0,7.82,5.73,0.0,9.97,9.4,7.81,10.0,9.32,0.0,7.39,7.99,8.84,0.0,9.56,0.0,0.0,5.92,7.62,8.08,0.0
128,0.0,6.43,7.58,0.0,0.0,0.0,0.0,10.0,0.0,0.0,0.0,7.76,7.44,6.93,0.0,10.0,0.0,0.0,0.0,0.0,7.68,8.0,0.0,4.98,0.0,0.0,7.76,0.0,7.48,0.0,8.77,0.0,0.0,9.38,0.0,7.22,7.2,0.0,6.56,9.98,5.67,7.07,10.0,0.0,6.69,7.8,7.75,8.13,9.95,0.0,7.95,6.81,8.24,0.0,10.0,8.81,0.0,0.0,8.49,9.57,8.11,0.0,0.0,0.0,5.3,0.0,0.0,7.91,7.08,0.0,0.0,0.0,5.83,8.17,0.0,0.0
129,0.0,6.73,0.0,0.0,8.49,0.0,8.79,8.17,0.0,0.0,0.0,8.39,0.0,8.47,8.14,8.41,7.44,0.0,0.0,0.0,8.09,0.0,0.0,8.96,7.33,9.41,0.0,0.0,0.0,9.27,8.25,0.0,7.89,8.26,8.79,7.28,7.49,7.42,0.0,7.36,8.26,0.0,6.2,7.05,7.52,8.91,10.0,7.73,8.92,7.75,0.0,7.83,0.0,0.0,0.0,0.0,8.12,7.66,8.79,0.0,8.65,7.73,7.18,8.92,7.16,0.0,6.4,8.02,9.28,6.81,6.8,6.99,8.52,7.9,0.0,7.23
130,0.0,0.0,7.46,0.0,0.0,7.31,0.0,0.0,7.12,0.0,7.18,0.0,7.11,0.0,7.19,0.0,6.86,8.45,0.0,7.1,0.0,0.0,7.16,6.34,0.0,7.61,6.93,7.74,0.0,7.25,7.58,6.42,7.33,0.0,8.06,0.0,7.13,7.5,6.35,7.16,0.0,0.0,0.0,7.87,0.0,7.39,6.97,6.18,6.35,0.0,7.03,0.0,0.0,6.89,7.14,6.93,0.0,6.64,6.13,7.84,7.58,0.0,0.0,6.84,7.39,6.17,8.0,0.0,7.58,7.24,0.0,0.0,0.0,6.4,0.0,0.0
131,7.03,10.0,7.44,0.0,9.52,0.0,0.0,6.14,5.68,0.0,0.0,6.86,6.85,8.26,0.0,0.0,0.0,8.07,0.0,0.0,0.0,9.55,8.36,0.0,10.0,0.0,0.0,7.36,0.0,0.0,9.18,0.0,5.27,8.81,9.8,10.0,9.88,8.73,0.0,0.0,4.84,7.24,0.0,8.59,9.25,8.74,6.21,6.82,6.04,7.11,6.63,9.77,0.0,0.0,0.0,10.0,6.45,9.19,6.13,0.0,7.24,9.86,8.62,9.28,0.0,10.0,7.54,0.0,9.34,0.0,0.0,4.77,0.0,7.03,8.02,0.0
132,6.8,0.0,0.0,8.91,0.0,0.0,5.89,8.18,6.69,0.0,0.0,0.0,0.0,0.0,0.0,0.0,7.56,7.84,0.0,0.0,8.24,9.43,7.01,8.69,0.0,8.09,9.58,0.0,9.97,8.61,7.81,9.05,10.0,7.48,6.83,0.0,8.29,0.0,5.82,0.0,7.23,0.0,8.18,7.98,7.66,7.83,7.07,0.0,8.87,8.56,6.71,0.0,0.0,8.79,8.75,8.33,7.51,7.51,0.0,8.46,0.0,0.0,9.11,7.48,10.0,5.77,8.42,0.0,8.19,0.0,6.5,0.0,7.42,7.87,7.66,8.61
133,7.42,6.55,6.68,5.71,5.83,0.0,6.04,7.69,7.14,6.46,7.59,7.38,7.14,0.0,6.97,0.0,0.0,7.05,7.1,7.42,0.0,7.54,0.0,6.51,0.0,7.15,6.17,7.06,0.0,0.0,6.88,0.0,7.43,5.66,0.0,7.82,0.0,6.7,6.83,0.0,8.37,7.6,0.0,6.99,0.0,0.0,0.0,0.0,7.99,0.0,6.58,0.0,6.75,7.75,7.24,0.0,7.58,7.43,0.0,0.0,8.08,6.51,0.0,0.0,0.0,7.23,0.0,7.12,8.3,0.0,7.6,0.0,6.89,0.0,6.4,7.13
134,0.0,7.51,7.23,0.0,0.0,0.0,0.0,0.0,0.0,6.06,7.04,5.95,7.46,7.04,6.65,7.08,6.63,7.58,6.82,5.38,7.68,0.0,0.0,7.29,0.0,7.21,0.0,0.0,6.34,0.0,6.92,5.2,0.0,6.68,0.0,0.0,0.0,7.52,7.38,7.53,0.0,0.0,6.07,7.13,5.96,0.0,0.0,0.0,5.9,0.0,8.03,8.08,0.0,8.14,6.91,7.71,6.53,0.0,6.96,0.0,0.0,6.67,6.21,0.0,6.46,0.0,6.59,0.0,0.0,8.75,7.94,0.0,7.37,0.0,0.0,0.0
135,0.0,6.7,4.61,9.28,5.87,8.22,0.0,7.43,8.89,0.0,0.0,0.0,7.92,10.0,0.0,7.06,0.0,6.17,0.0,5.76,5.36,0.0,0.0,0.0,0.0,7.56,6.04,0.0,7.81,0.0,7.77,4.47,8.99,0.0,10.0,7.01,9.52,0.0,8.39,9.12,0.0,5.36,0.0,0.0,0.0,0.0,0.0,7.08,9.55,7.47,7.57,7.5,0.0,6.96,0.0,0.0,0.0,10.0,0.0,10.0,7.56,9.17,7.74,0.0,0.0,7.04,0.0,8.34,0.0,0.0,0.0,6.11,10.0,7.55,0.0,9.41
136,8.91,0.0,0.0,8.57,9.44,8.64,8.55,8.57,0.0,7.59,6.69,8.42,0.0,0.0,8.78,7.31,0.0,0.0,7.63,0.0,8.6,7.95,0.0,0.0,8.32,0.0,0.0,8.15,8.87,7.8,8.3,8.31,8.31,0.0,0.0,7.83,9.18,0.0,8.18,7.74,7.75,0.0,7.69,7.84,0.0,7.75,0.0,8.65,8.57,0.0,7.47,8.26,7.15,0.0,7.21,8.3,0.0,8.51,0.0,0.0,8.65,7.65,8.99,8.44,0.0,0.0,0.0,0.0,7.32,8.19,7.75,0.0,8.39,0.0,0.0,7.77
137,5.97,7.72,7.92,10.0,5.47,0.0,7.53,0.0,0.0,5.52,8.35,0.0,7.58,6.84,6.26,0.0,0.0,4.88,7.28,0.0,0.0,5.28,6.8,8.5,7.49,7.85,6.1,7.65,6.06,0.0,0.0,8.14,0.0,6.23,0.0,0.0,8.85,7.56,0.0,7.78,0.0,0.0,7.74,0.0,0.0,7.92,7.54,6.43,0.0,0.0,0.0,6.2,0.0,0.0,6.29,0.0,0.0,0.0,7.03,0.0,7.35,7.67,6.87,0.0,7.1,0.0,6.86,6.64,7.38,0.0,6.68,7.14,0.0,9.78,0.0,8.02
138,0.0,0.0,5.92,6.4,7.09,0.0,4.69,8.1,0.0,0.0,8.33,6.9,0.0,8.87,0.0,7.34,0.0,0.0,5.0,0.0,0.0,7.4,9.31,6.59,8.94,7.31,0.0,6.68,0.0,4.34,0.0,7.31,0.0,5.39,5.28,6.67,0.0,0.0,7.63,6.64,4.58,0.0,0.0,5.02,8.41,0.0,9.34,0.0,0.0,7.93,7.92,0.0,8.06,0.0,0.0,0.0,5.66,0.0,9.03,10.0,0.0,0.0,7.93,0.0,5.32,0.0,0.0,7.51,0.0,9.02,0.0,0.0,7.07,5.49,0.0,8.74
139,0.0,0.0,8.72,9.26,9.09,0.0,0.0,0.0,0.0,9.03,6.61,7.64,6.96,7.15,0.0,8.72,4.94,9.05,0.0,8.97,8.65,0.0,8.6,6.34,0.0,7.76,0.0,6.88,6.7,7.43,8.21,0.0,6.97,0.0,0.0,7.52,0.0,0.0,0.0,7.15,0.0,7.76,6.35,8.67,0.0,8.76,0.0,7.08,0.0,0.0,6.89,0.0,6.45,10.0,0.0,7.1,0.0,8.46,0.0,8.6,0.0,0.0,7.97,9.06,0.0,0.0,8.76,8.63,0.0,0.0,5.53,0.0,8.54,9.32,0.0,8.51
140,0.0,7.64,8.03,8.21,0.0,0.0,8.22,0.0,0.0,0.0,8.91,8.22,0.0,0.0,8.65,0.0,7.77,0.0,8.1,8.06,0.0,0.0,7.81,0.0,0.0,0.0,0.0,0.0,7.22,0.0,0.0,0.0,9.27,7.28,0.0,0.0,8.92,0.0,0.0,8.47,7.84,0.0,0.0,0.0,0.0,0.0,8.41,8.13,8.09,0.0,8.21,7.85,0.0,0.0,0.0,7.95,7.85,0.0,7.52,8.07,8.77,8.03,7.55,0.0,8.05,7.78,0.0,7.53,0.0,0.0,0.0,8.0,7.67,7.74,0.0,0.0
141,7.47,5.73,7.01,0.0,0.0,6.81,0.0,8.46,7.99,8.67,6.64,7.24,8.41,0.0,7.91,5.8,6.12,7.09,0.0,6.96,5.63,2.96,8.03,0.0,9.97,0.0,6.8,7.5,0.0,0.0,0.0,8.39,6.65,0.0,0.0,5.4,0.0,0.0,6.54,6.9,4.3,6.93,5.03,0.0,5.53,8.14,0.0,4.22,0.0,7.7,0.0,6.38,7.73,6.21,0.0,0.0,6.09,6.77,5.76,0.0,8.57,0.0,6.09,7.99,0.0,8.54,0.0,0.0,7.71,0.0,0.0,5.63,8.19,0.0,4.6,0.0
142,0.0,0.0,7.07,8.0,0.0,9.94,7.84,8.54,0.0,0.0,0.0,7.57,0.0,6.54,8.98,0.0,7.16,8.26,0.0,0.0,5.69,10.0,0.0,6.21,10.0,0.0,0.0,0.0,0.0,8.6,9.03,0.0,9.2,9.27,0.0,10.0,0.0,0.0,0.0,0.0,0.0,5.53,7.39,0.0,8.21,8.07,0.0,0.0,0.0,0.0,0.0,0.0,6.8,0.0,0.0,0.0,7.66,0.0,0.0,0.0,5.45,5.41,0.0,10.0,0.0,8.78,0.0,0.0,0.0,0.0,0.0,0.0,0.0,5.9,0.0,8.3
143,0.0,0.0,7.57,6.62,5.76,0.0,0.0,8.46,6.52,8.51,7.5,9.5,0.0,0.0,0.0,0.0,7.47,0.0,7.53,8.05,0.0,0.0,5.1,0.0,7.82,0.0,6.54,0.0,7.21,8.52,7.07,5.55,0.0,8.21,0.0,6.34,7.25,10.0,0.0,0.0,0.0,0.0,0.0,5.1,0.0,7.02,4.3,0.0,5.5,8.22,0.0,4.76,0.0,0.0,6.75,6.03,6.8,0.0,0.0,6.14,0.0,0.0,5.22,8.03,9.39,0.0,0.0,5.07,9.66,7.49,5.41,7.56,9.73,6.84,5.62,6.92
144,0.0,7.99,0.0,8.27,6.9,8.74,0.0,9.29,7.53,0.0,0.0,0.0,9.43,0.0,0.0,6.88,0.0,7.72,7.41,6.37,0.0,0.0,0.0,0.0,0.0,8.0,0.0,7.72,8.65,0.0,0.0,7.7,8.32,0.0,0.0,6.95,8.73,0.0,7.34,7.89,8.99,0.0,8.29,9.11,7.49,0.0,7.65,8.15,9.96,0.0,8.44,7.36,0.0,7.78,0.0,0.0,7.91,7.3,7.67,9.08,0.0,7.09,0.0,7.19,0.0,7.71,0.0,0.0,0.0,0.0,7.04,0.0,9.46,6.14,8.59,0.0
145,0.0,8.23,8.55,8.66,0.0,0.0,0.0,0.0,9.24,8.33,0.0,0.0,6.51,0.0,9.06,0.0,6.56,10.0,7.71,7.87,9.23,8.09,9.24,7.29,0.0,8.37,7.77,0.0,0.0,7.74,0.0,7.06,0.0,0.0,0.0,8.3,0.0,0.0,8.22,7.69,0.0,8.39,7.48,0.0,7.73,8.03,8.33,7.24,7.95,7.18,8.91,0.0,6.83,7.21,6.79,6.62,0.0,6.93,8.72,6.81,7.22,9.54,0.0,8.16,0.0,6.89,6.28,0.0,7.46,7.92,0.0,0.0,0.0,8.77,0.0,0.0
146,0.0,5.69,0.0,10.0,0.0,0.0,0.0,9.04,0.0,8.12,0.0,4.28,0.0,10.0,0.0,0.0,5.16,7.21,7.47,0.0,5.4,8.16,0.0,4.83,0.0,7.61,0.0,0.0,5.69,5.78,0.0,0.0,0.0,0.0,0.0,6.7,0.0,4.89,6.85,0.0,0.0,4.85,0.0,0.0,0.0,6.37,0.0,7.2,2.79,0.0,0.0,0.0,8.28,0.0,0.0,0.0,0.0,0.0,0.0,5.36,6.48,7.05,6.89,6.85,0.0,9.51,0.0,3.2,7.3,6.98,2.83,5.66,3.78,6.08,8.6,0.0
147,7.12,7.29,8.14,8.45,0.0,8.61,0.0,8.85,7.61,7.28,7.61,8.66,8.03,0.0,0.0,8.33,0.0,9.66,0.0,8.97,8.42,0.0,0.0,0.0,0.0,6.94,9.53,0.0,7.42,7.88,0.0,7.22,0.0,0.0,9.09,0.0,9.53,8.03,6.96,0.0,0.0,0.0,0.0,9.27,0.0,0.0,0.0,6.74,7.93,0.0,7.08,7.31,0.0,8.04,9.73,0.0,7.68,7.82,0.0,0.0,8.23,8.27,0.0,8.15,0.0,0.0,8.16,0.0,6.33,8.36,0.0,6.36,0.0,0.0,0.0,7.01
148,0.0,7.63,0.0,0.0,0.0,0.0,8.03,0.0,9.07,0.0,0.0,0.0,8.65,0.0,0.0,0.0,0.0,8.13,8.26,0.0,7.04,8.53,0.0,0.0,7.9,7.22,8.84,0.0,0.0,8.38,0.0,6.94,0.0,8.46,7.98,8.04,7.7,8.06,7.47,8.28,8.29,7.57,7.98,7.63,0.0,7.72,8.22,7.21,0.0,8.71,7.95,0.0,7.69,0.0,8.06,8.0,0.0,8.21,0.0,0.0,8.26,7.25,0.0,8.61,7.84,7.86,8.08,8.09,0.0,8.84,8.0,0.0,8.23,8.79,7.91,0.0
149,0.0,8.12,0.0,0.0,0.0,0.0,8.88,9.59,7.88,0.0,9.3,0.0,0.0,6.81,0.0,0.0,7.87,9.89,5.69,0.0,0.0,0.0,0.0,0.0,9.76,7.69,0.0,0.0,0.0,5.33,8.65,9.44,9.95,9.56,9.88,6.63,10.0,0.0,7.65,0.0,10.0,10.0,0.0,0.0,8.3,9.65,9.38,8.92,10.0,8.65,6.15,8.91,0.0,0.0,0.0,0.0,0.0,5.27,0.0,0.0,8.39,5.57,0.0,0.0,7.69,0.0,0.0,6.89,5.92,8.55,7.78,7.27,9.31,8.33,8.43,0.0
150,6.76,4.08,6.55,0.0,0.0,6.49,0.0,7.37,0.0,0.0,8.87,0.0,6.13,7.98,0.0,0.0,0.0,7.27,5.32,7.02,7.7,6.71,7.6,0.0,0.0,5.1,0.0,7.55,6.89,5.68,0.0,7.21,0.0,8.6,0.0,0.0,6.25,7.57,7.58,0.0,9.15,0.0,0.0,0.0,0.0,0.0,5.79,0.0,0.0,0.0,0.0,0.0,5.98,7.94,0.0,6.81,7.36,10.0,0.0,0.0,0.0,5.53,6.49,0.0,6.09,0.0,0.0,0.0,0.0,7.04,6.18,0.0,5.11,8.19,7.32,0.0
151,0.0,8.73,0.0,0.0,5.19,0.0,10.0,3.77,4.75,3.33,5.63,7.1,7.94,7.48,0.0,7.87,0.0,7.26,6.61,5.71,8.24,0.0,7.01,6.99,7.91,7.78,0.0,0.0,0.0,6.36,0.0,0.0,0.0,8.2,0.0,4.74,0.0,6.65,8.08,9.21,5.27,7.19,0.0,7.42,6.43,7.78,9.06,6.13,8.79,6.29,5.97,0.0,0.0,8.01,7.79,6.04,0.0,0.0,4.72,0.0,8.31,6.45,0.0,6.29,0.0,6.25,0.0,8.31,5.44,8.25,8.24,8.81,8.99,7.44,0.0,5.95
152,7.88,0.0,0.0,8.62,0.0,0.0,7.01,0.0,0.0,10.0,0.0,0.0,8.03,8.79,0.0,8.98,0.0,9.38,10.0,0.0,7.3,5.06,0.0,7.0,10.0,0.0,10.0,0.0,0.0,0.0,7.28,10.0,8.2,0.0,7.8,0.0,0.0,9.65,7.95,7.86,7.97,7.66,9.24,0.0,9.03,8.38,0.0,8.79,7.94,0.0,9.45,0.0,7.07,6.36,0.0,9.4,0.0,0.0,6.83,0.0,9.25,6.45,10.0,0.0,0.0,8.74,0.0,8.86,9.17,0.0,8.57,0.0,9.5,8.33,8.17,8.39
153,5.48,0.0,5.08,0.0,6.77,0.0,6.27,0.0,0.0,8.14,6.59,0.0,0.0,5.82,6.55,4.05,5.23,0.0,7.49,0.0,0.0,7.83,7.72,9.66,0.0,0.0,0.0,0.0,6.26,9.91,8.98,0.0,0.0,9.02,0.0,0.0,5.43,8.59,7.16,8.86,0.0,6.82,0.0,0.0,0.0,0.0,5.16,7.09,7.96,6.2,8.72,0.0,8.39,0.0,0.0,3.88,0.0,0.0,0.0,6.35,5.7,8.11,8.88,0.0,0.0,0.0,0.0,5.71,0.0,0.0,0.0,8.25,4.44,7.47,0.0,7.19
154,6.16,0.0,0.0,8.13,7.38,7.87,6.32,0.0,7.75,5.36,0.0,0.0,6.03,7.19,0.0,5.42,0.0,0.0,7.47,0.0,5.25,8.53,7.45,0.0,0.0,0.0,5.88,0.0,7.08,0.0,6.1,7.12,0.0,8.13,0.0,8.01,5.63,0.0,7.66,7.33,5.61,7.66,7.09,6.65,7.13,0.0,0.0,0.0,7.97,7.62,0.0,5.64,9.34,0.0,0.0,0.0,0.0,0.0,4.78,6.21,6.77,6.39,6.82,0.0,0.0,0.0,6.16,0.0,0.0,0.0,6.49,0.0,0.0,0.0,0.0,0.0
155,0.0,0.0,0.0,6.78,0.0,5.33,9.26,7.5,7.66,0.0,7.24,6.03,0.0,0.0,7.46,0.0,10.0,0.0,0.0,10.0,5.15,0.0,0.0,0.0,0.0,0.0,9.9,5.91,5.9,7.93,0.0,7.3,0.0,0.0,0.0,7.08,9.13,0.0,7.69,6.65,6.82,0.0,8.34,4.55,7.39,0.0,0.0,5.48,6.73,9.48,0.0,0.0,0.0,0.0,5.93,0.0,7.74,0.0,8.04,7.64,7.18,0.0,0.0,0.0,0.0,8.87,7.68,0.0,8.95,8.22,0.0,10.0,0.0,9.98,0.0,9.85
156,0.0,0.0,0.0,0.0,7.31,0.0,0.0,7.22,6.79,0.0,0.0,7.45,6.72,0.0,0.0,6.53,7.07,7.18,6.27,0.0,0.0,7.0,0.0,7.3,6.93,7.57,7.82,0.0,0.0,7.13,6.44,7.28,0.0,7.07,7.94,6.0,0.0,0.0,6.4,0.0,0.0,0.0,0.0,0.0,7.5,6.67,0.0,7.08,6.6,6.83,0.0,7.15,0.0,0.0,0.0,0.0,7.27,0.0,0.0,5.95,7.13,7.34,0.0,0.0,6.23,7.36,6.99,0.0,0.0,6.2,6.45,7.05,6.79,6.82,0.0,7.56
157,7.69,7.59,0.0,0.0,0.0,4.04,7.38,0.0,7.34,6.83,0.0,0.0,8.17,6.62,0.0,0.0,9.23,0.0,7.87,7.04,0.0,8.26,8.76,0.0,5.25,0.0,0.0,0.0,0.0,7.39,8.63,8.9,5.93,5.79,0.0,0.0,7.68,0.0,3.13,5.69,0.0,6.13,8.62,6.52,7.18,7.64,5.05,5.45,7.31,8.57,7.0,5.51,7.03,5.96,0.0,0.0,0.0,6.73,0.0,0.0,0.0,0.0,6.11,9.1,6.15,0.0,6.15,6.89,8.34,7.14,2.57,0.0,0.0,6.85,7.73,0.0
158,0.0,0.0,0.0,8.08,0.0,0.0,7.08,0.0,7.24,5.8,0.0,0.0,6.65,7.33,0.0,0.0,0.0,0.0,6.33,0.0,0.0,6.09,7.11,0.0,0.0,0.0,5.99,5.28,0.0,5.89,0.0,0.0,8.57,7.34,0.0,6.92,8.02,6.38,0.0,6.77,5.74,5.84,0.0,7.76,8.22,7.17,0.0,5.68,0.0,5.35,6.7,0.0,7.6,7.15,6.62,7.74,7.37,0.0,8.13,0.0,0.0,0.0,0.0,0.0,5.47,0.0,0.0,6.43,0.0,0.0,6.74,0.0,6.0,8.31,0.0,7.17
159,0.0,0.0,0.0,0.0,0.0,6.19,0.0,6.84,0.0,6.86,6.77,7.38,0.0,0.0,0.0,7.18,0.0,7.14,0.0,7.08,7.16,6.48,0.0,0.0,6.55,0.0,0.0,0.0,6.73,0.0,0.0,0.0,0.0,7.41,0.0,7.31,6.59,0.0,0.0,0.0,6.43,0.0,0.0,6.53,0.0,0.0,0.0,7.66,7.68,0.0,6.89,6.72,7.2,0.0,0.0,6.37,6.94,0.0,0.0,0.0,0.0,7.33,6.8,0.0,5.5,0.0,6.21,7.08,6.62,0.0,7.33,6.54,0.0,7.03,6.76,0.0
160,8.53,0.0,8.04,4.52,4.69,0.0,5.21,0.0,0.0,8.18,6.16,7.71,0.0,7.75,0.0,0.0,0.0,0.0,0.0,0.0,7.01,5.74,7.86,5.32,0.0,7.0,4.76,0.0,0.0,7.98,0.0,0.0,0.0,0.0,6.53,0.0,0.0,5.29,0.0,0.0,0.0,0.0,0.0,4.61,0.0,0.0,0.0,8.18,0.0,0.0,6.7,0.0,0.0,0.0,0.0,0.0,0.0,6.97,6.73,0.0,0.0,6.86,0.0,6.32,0.0,7.76,0.0,6.33,8.77,0.0,0.0,5.76,6.84,8.96,0.0,0.0
161,6.59,0.0,7.11,0.0,0.0,7.46,0.0,0.0,6.19,0.0,0.0,0.0,0.0,0.0,0.0,0.0,6.74,4.93,4.91,0.0,7.76,5.58,7.96,0.0,0.0,0.0,6.99,0.0,5.93,7.19,0.0,7.49,0.0,0.0,0.0,0.0,7.08,0.0,0.0,6.66,7.48,6.9,5.42,0.0,0.0,7.56,7.69,7.98,8.25,6.8,0.0,5.0,0.0,0.0,5.8,0.0,5.1,6.76,0.0,0.0,7.48,0.0,7.74,0.0,6.67,0.0,5.98,0.0,0.0,0.0,6.38,5.41,0.0,8.39,0.0,0.0
162,7.65,0.0,7.88,7.74,0.0,0.0,6.73,0.0,0.0,7.94,6.5,0.0,8.17,0.0,7.07,7.14,7.69,0.0,5.87,0.0,0.0,7.24,0.0,6.08,5.95,0.0,0.0,6.35,0.0,0.0,0.0,0.0,6.85,5.43,0.0,7.43,6.97,0.0,0.0,0.0,6.65,0.0,0.0,6.41,7.6,0.0,0.0,8.03,0.0,7.47,0.0,0.0,6.21,0.0,0.0,0.0,7.74,6.21,7.52,7.36,0.0,6.79,7.67,7.32,6.55,6.17,6.32,8.14,7.02,0.0,0.0,0.0,0.0,7.7,7.68,6.27
163,0.0,0.0,0.0,7.63,0.0,0.0,5.59,0.0,7.4,5.97,7.68,0.0,0.0,7.01,0.0,6.22,0.0,6.5,0.0,0.0,6.76,0.0,0.0,5.88,7.47,0.0,6.25,7.34,0.0,7.69,6.59,0.0,0.0,0.0,6.93,5.18,0.0,6.83,5.52,0.0,0.0,6.93,6.18,8.45,7.94,0.0,7.15,6.37,7.4,0.0,0.0,0.0,0.0,0.0,0.0,6.79,6.21,6.67,0.0,6.5,8.43,7.48,7.15,0.0,0.0,0.0,0.0,0.0,5.58,0.0,0.0,0.0,6.94,0.0,6.37,8.11
164,0.0,9.4,0.0,0.0,10.0,6.55,5.51,0.0,0.0,0.0,0.0,9.78,8.51,7.15,0.0,7.97,8.94,7.94,0.0,0.0,0.0,7.88,0.0,6.94,0.0,8.27,0.0,0.0,0.0,5.89,6.04,7.61,0.0,0.0,0.0,6.91,9.24,6.73,0.0,10.0,10.0,0.0,4.56,8.59,0.0,0.0,0.0,8.73,7.56,0.0,0.0,0.0,5.65,5.63,0.0,6.89,0.0,0.0,0.0,0.0,7.21,0.0,0.0,9.15,0.0,7.46,8.46,0.0,6.73,0.0,8.44,0.0,7.86,0.0,0.0,0.0
165,7.61,0.0,9.06,6.92,0.0,7.65,5.54,10.0,7.74,8.64,7.27,8.1,8.09,0.0,6.32,5.68,0.0,8.63,8.01,0.0,0.0,6.49,5.47,7.28,6.59,0.0,8.69,8.03,7.49,8.3,7.75,8.32,0.0,7.12,8.25,0.0,8.56,8.97,0.0,8.35,7.94,7.36,7.07,6.04,8.22,0.0,8.32,8.06,8.86,0.0,8.44,0.0,0.0,6.31,7.78,0.0,7.6,0.0,0.0,0.0,8.49,0.0,8.98,0.0,8.4,8.16,8.14,7.22,8.82,8.84,0.0,9.92,8.23,0.0,0.0,7.54
166,0.0,6.83,0.0,7.86,0.0,0.0,0.0,5.82,0.0,8.11,0.0,8.05,6.55,7.84,8.07,8.32,7.68,0.0,8.29,7.34,8.0,0.0,7.32,6.83,0.0,0.0,0.0,7.49,8.21,9.35,6.15,0.0,8.41,8.63,6.66,9.31,7.22,0.0,0.0,8.65,6.6,7.23,8.47,0.0,0.0,7.83,7.85,7.58,6.89,7.49,10.0,9.0,9.2,8.74,7.19,0.0,7.86,0.0,0.0,6.38,7.4,8.34,0.0,0.0,7.38,8.03,0.0,9.81,8.64,8.08,8.21,0.0,9.4,6.3,8.32,9.52
167,8.16,0.0,0.0,0.0,0.0,8.83,7.14,0.0,0.0,6.36,8.92,8.03,9.51,9.01,8.58,6.85,8.17,6.46,7.79,6.93,0.0,3.85,0.0,8.99,0.0,4.77,8.05,6.83,0.0,9.15,6.38,0.0,7.53,10.0,0.0,6.53,8.44,6.89,0.0,8.09,8.43,6.34,0.0,0.0,10.0,0.0,10.0,0.0,8.91,8.65,9.3,0.0,5.48,6.99,0.0,0.0,5.79,0.0,8.15,5.76,0.0,0.0,10.0,0.0,0.0,7.09,0.0,9.47,8.14,0.0,7.73,9.21,7.61,0.0,0.0,6.66
168,5.29,6.14,0.0,6.46,6.9,0.0,3.2,5.81,0.0,0.0,0.0,7.18,0.0,8.27,0.0,6.69,6.73,6.81,6.37,7.15,0.0,6.7,0.0,0.0,6.97,0.0,6.65,5.82,5.87,0.0,6.87,0.0,0.0,7.51,0.0,7.64,4.97,7.64,9.14,7.47,5.95,7.41,7.02,0.0,7.91,0.0,0.0,0.0,0.0,0.0,5.81,6.49,0.0,5.53,5.76,0.0,6.76,6.3,6.42,0.0,7.08,6.29,7.53,5.41,0.0,7.59,0.0,6.85,7.47,7.48,0.0,6.96,8.88,0.0,0.0,0.0
169,6.85,6.59,6.81,0.0,7.05,7.18,6.54,0.0,0.0,6.81,0.0,7.22,0.0,6.51,7.54,6.94,7.13,0.0,6.52,0.0,6.72,7.07,6.92,0.0,0.0,0.0,7.0,8.07,7.08,0.0,7.16,0.0,0.0,5.75,7.39,0.0,7.0,0.0,6.53,0.0,0.0,7.0,0.0,0.0,7.32,0.0,6.44,6.91,6.48,0.0,0.0,7.16,6.73,0.0,6.52,0.0,0.0,7.25,7.06,7.02,7.29,0.0,0.0,0.0,0.0,7.59,7.12,0.0,7.13,7.18,0.0,0.0,0.0,7.58,7.22,0.0
170,6.5,6.29,0.0,0.0,8.78,3.71,8.83,6.56,0.0,6.5,6.1,0.0,6.33,0.0,7.92,0.0,0.0,0.0,0.0,0.0,6.3,5.49,7.4,0.0,0.0,0.0,0.0,0.0,6.35,7.14,7.05,4.42,0.0,5.97,6.14,0.0,0.0,0.0,8.39,5.11,7.84,6.14,7.36,7.12,8.29,7.02,0.0,6.73,0.0,0.0,6.51,5.98,6.26,0.0,7.8,6.73,0.0,10.0,0.0,8.13,4.58,7.96,7.63,4.99,0.0,0.0,7.09,6.43,8.59,0.0,6.17,7.13,5.26,7.62,7.97,0.0
171,8.07,7.89,0.0,0.0,7.91,7.86,7.75,7.33,7.5,7.59,0.0,8.22,0.0,7.8,0.0,0.0,7.93,7.29,7.54,7.83,8.09,0.0,8.37,0.0,8.72,7.46,0.0,0.0,7.59,8.51,0.0,0.0,7.9,7.45,0.0,8.34,7.58,8.59,8.35,7.95,8.4,8.08,7.39,0.0,8.44,8.16,7.87,8.44,0.0,0.0,0.0,0.0,0.0,7.47,0.0,7.47,8.1,0.0,0.0,7.92,0.0,8.35,0.0,8.39,0.0,7.65,0.0,0.0,0.0,0.0,0.0,8.39,8.32,7.09,0.0,0.0
172,7.8,8.3,0.0,5.19,6.03,10.0,7.92,7.03,0.0,7.68,10.0,6.25,8.8,0.0,0.0,8.12,7.12,6.86,0.0,0.0,8.57,9.43,0.0,8.14,10.0,0.0,5.65,8.21,0.0,8.13,10.0,7.56,8.93,9.48,6.79,9.91,8.05,10.0,8.87,4.83,0.0,9.8,7.35,8.8,0.0,0.0,0.0,9.46,6.44,8.3,10.0,7.51,0.0,0.0,7.34,0.0,8.76,0.0,10.0,5.49,0.0,10.0,2.08,0.0,6.11,0.0,0.0,9.72,6.5,8.71,7.75,0.0,0.0,0.0,0.0,9.77
173,0.0,0.0,0.0,6.35,6.53,0.0,5.8,6.24,6.79,0.0,0.0,6.73,6.58,7.03,0.0,0.0,7.43,7.15,0.0,0.0,5.78,6.72,7.77,7.37,0.0,0.0,0.0,0.0,0.0,0.0,6.54,7.71,0.0,8.41,6.88,7.62,0.0,0.0,6.41,0.0,0.0,7.56,0.0,0.0,0.0,6.77,0.0,0.0,0.0,0.0,0.0,0.0,0.0,0.0,7.7,6.07,6.87,6.46,6.85,0.0,0.0,6.97,0.0,0.0,6.66,6.42,0.0,0.0,6.79,7.6,0.0,0.0,6.1,7.67,0.0,7.53
174,9.17,8.93,5.99,0.0,7.34,10.0,10.0,8.11,0.0,0.0,7.52,8.13,8.29,0.0,7.2,9.53,9.9,7.89,0.0,4.06,7.19,0.0,7.56,8.87,0.0,0.0,0.0,7.07,6.57,0.0,10.0,8.7,10.0,9.37,0.0,5.24,0.0,8.88,0.0,8.78,9.79,7.94,9.57,0.0,8.42,6.99,0.0,6.07,7.86,5.39,9.34,8.28,7.58,7.58,8.04,0.0,0.0,8.08,8.56,0.0,0.0,0.0,0.0,7.66,8.61,8.44,0.0,7.9,9.05,0.0,6.95,0.0,0.0,7.86,10.0,0.0
175,7.38,0.0,0.0,6.09,8.5,0.0,6.69,9.84,8.14,8.5,8.01,7.29,0.0,7.42,8.94,8.22,8.58,0.0,7.41,8.88,7.71,0.0,0.0,0.0,7.5,7.93,0.0,0.0,7.1,7.62,0.0,0.0,0.0,6.57,0.0,8.31,8.02,8.56,8.66,7.94,7.31,0.0,7.91,8.84,9.26,10.0,5.73,6.63,0.0,0.0,0.0,7.02,8.33,0.0,8.61,0.0,7.55,0.0,8.65,8.39,8.89,0.0,0.0,8.32,0.0,0.0,8.45,8.92,7.45,7.04,0.0,8.54,0.0,0.0,0.0,7.85
176,8.38,0.0,0.0,0.0,8.3,0.0,7.31,0.0,7.56,8.24,8.25,0.0,7.61,8.31,8.72,0.0,8.08,8.28,8.29,8.13,0.0,0.0,6.45,7.08,0.0,7.91,8.68,0.0,8.27,8.5,0.0,7.5,0.0,7.95,0.0,8.43,7.75,0.0,8.92,7.41,7.16,0.0,7.09,8.37,0.0,8.32,0.0,0.0,0.0,7.97,8.22,0.0,8.01,6.59,8.25,0.0,0.0,7.84,7.54,0.0,7.72,0.0,7.63,9.08,0.0,0.0,7.46,0.0,0.0,8.22,0.0,8.18,0.0,7.76,7.39,7.54
177,5.98,5.57,0.0,0.0,5.8,8.71,0.0,0.0,0.0,9.03,7.32,8.04,0.0,9.85,0.0,8.01,6.07,0.0,0.0,7.33,0.0,9.07,0.0,0.0,7.75,7.28,8.26,10.0,0.0,8.41,0.0,9.44,7.31,0.0,0.0,8.82,9.85,5.52,8.88,8.33,7.02,8.79,6.94,0.0,7.13,0.0,0.0,8.01,8.59,0.0,0.0,0.0,9.85,10.0,0.0,8.1,0.0,0.0,6.98,9.73,7.95,6.1,7.51,7.53,7.57,0.0,7.77,8.42,7.88,5.46,8.3,9.25,9.02,0.0,0.0,0.0
178,9.1,7.72,7.78,0.0,0.0,7.04,0.0,0.0,9.83,7.43,0.0,9.24,6.22,6.14,9.06,0.0,0.0,8.05,7.45,0.0,7.14,0.0,9.89,0.0,0.0,0.0,0.0,0.0,8.72,0.0,8.14,0.0,7.64,10.0,7.46,7.75,9.25,0.0,7.82,0.0,0.0,0.0,7.95,6.02,0.0,7.8,8.28,9.09,8.29,9.38,7.21,0.0,9.11,5.6,9.05,9.79,0.0,0.0,9.19,6.7,5.91,0.0,0.0,7.94,8.16,8.82,6.71,0.0,8.05,8.35,0.0,8.39,8.65,0.0,0.0,0.0
179,9.84,0.0,0.0,6.12,6.71,7.67,6.77,0.0,0.0,5.85,0.0,0.0,0.0,0.0,0.0,8.77,7.89,0.0,6.32,0.0,6.44,0.0,0.0,0.0,6.73,6.46,8.83,6.36,5.4,6.76,0.0,0.0,0.0,0.0,0.0,6.11,5.3,0.0,0.0,7.35,0.0,0.0,6.13,0.0,0.0,0.0,0.0,0.0,0.0,0.0,7.46,0.0,0.0,7.82,8.94,8.14,7.99,6.18,0.0,0.0,0.0,0.0,7.19,0.0,5.41,0.0,0.0,0.0,7.54,7.26,7.28,0.0,0.0,0.0,7.03,6.78
180,7.21,6.74,0.0,6.96,0.0,0.0,0.0,0.0,7.83,7.32,0.0,0.0,7.96,6.89,7.65,6.82,0.0,6.7,6.98,6.92,6.93,7.19,6.28,7.24,0.0,6.83,0.0,0.0,5.82,6.5,7.18,7.62,0.0,7.35,0.0,6.34,7.71,0.0,0.0,0.0,0.0,7.85,8.2,0.0,7.04,6.51,7.21,8.59,0.0,6.68,7.12,7.76,0.0,0.0,0.0,7.69,6.97,6.1,7.34,7.64,6.54,0.0,6.59,7.41,0.0,7.39,7.82,7.08,8.0,0.0,7.53,7.38,7.58,6.64,7.17,0.0
181,8.85,8.1,0.0,6.88,6.17,7.28,0.0,7.24,8.13,9.16,0.0,0.0,0.0,0.0,0.0,9.49,5.75,8.07,0.0,0.0,7.78,4.88,0.0,7.63,0.0,10.0,6.72,7.7,0.0,8.53,0.0,0.0,0.0,0.0,7.7,0.0,7.4,0.0,0.0,8.05,7.37,0.0,7.11,0.0,0.0,9.51,7.18,0.0,6.61,0.0,4.99,0.0,0.0,0.0,8.73,8.21,0.0,8.88,0.0,9.18,8.61,0.0,8.71,7.07,7.2,9.71,0.0,10.0,8.81,9.6,0.0,0.0,7.59,0.0,6.87,0.0
182,0.0,0.0,0.0,0.0,8.0,8.48,8.55,0.0,0.0,0.0,0.0,0.0,8.13,0.0,7.6,7.74,0.0,0.0,0.0,0.0,7.7,7.51,8.51,7.11,8.43,0.0,0.0,7.71,7.76,0.0,0.0,6.64,7.45,0.0,0.0,0.0,7.9,7.34,0.0,7.8,0.0,0.0,0.0,7.58,8.38,0.0,8.41,7.17,0.0,0.0,8.0,7.55,7.67,0.0,7.35,0.0,0.0,0.0,0.0,0.0,0.0,0.0,0.0,0.0,7.67,8.0,8.29,0.0,8.04,8.28,0.0,0.0,7.99,8.27,7.49,8.2
183,7.99,9.64,8.42,7.3,0.0,0.0,8.44,8.67,0.0,0.0,7.17,0.0,9.05,7.66,0.0,0.0,7.12,0.0,0.0,7.16,0.0,0.0,8.65,7.25,0.0,0.0,8.29,8.14,8.55,0.0,8.86,0.0,0.0,8.4,0.0,0.0,9.6,0.0,7.48,7.94,6.26,7.49,4.74,0.0,7.97,0.0,9.38,8.03,0.0,0.0,0.0,0.0,8.27,0.0,0.0,6.61,6.48,0.0,0.0,9.05,0.0,0.0,7.47,8.47,0.0,0.0,8.26,8.38,0.0,8.47,0.0,8.34,6.72,0.0,0.0,0.0
184,4.5,5.15,6.86,0.0,6.06,0.0,7.26,0.0,5.83,4.94,0.0,3.45,0.0,9.19,7.43,4.62,0.0,7.35,0.0,0.0,0.0,7.16,0.0,7.28,0.0,7.05,7.12,4.25,7.09,7.27,0.0,6.18,0.0,9.04,3.14,8.46,0.0,0.0,7.72,8.11,5.87,0.0,5.0,8.87,0.0,8.38,8.82,0.0,6.81,0.0,4.76,0.0,7.65,8.01,7.32,7.94,6.96,0.0,5.8,0.0,7.43,6.93,0.0,0.0,5.87,7.8,6.85,0.0,0.0,0.0,8.51,8.21,4.37,6.66,0.0,0.0
185,6.73,0.0,7.12,0.0,6.72,7.1,0.0,0.0,6.64,4.85,0.0,5.98,6.72,0.0,0.0,7.61,7.27,7.36,0.0,5.74,7.07,0.0,0.0,0.0,0.0,6.27,9.55,0.0,0.0,0.0,7.7,0.0,6.81,0.0,0.0,8.78,0.0,0.0,0.0,0.0,9.39,6.72,6.51,0.0,7.69,5.44,6.81,5.64,8.67,0.0,0.0,8.2,6.69,5.73,8.01,7.21,5.03,7.34,0.0,0.0,8.23,8.02,5.58,0.0,7.19,8.11,7.26,0.0,6.68,6.3,8.82,0.0,6.33,0.0,0.0,7.09
186,0.0,7.46,6.36,7.28,7.49,7.27,7.1,0.0,0.0,0.0,0.0,0.0,7.44,7.58,6.25,7.68,0.0,6.59,0.0,6.43,6.77,0.0,5.95,7.3,7.7,6.32,7.12,0.0,0.0,0.0,0.0,7.22,0.0,7.31,5.94,0.0,6.26,7.44,6.48,6.07,7.21,7.56,0.0,6.96,6.86,0.0,6.84,0.0,0.0,0.0,6.98,6.56,6.98,6.76,6.78,6.83,7.98,0.0,7.45,0.0,6.72,7.29,0.0,0.0,7.95,7.64,0.0,7.22,6.76,7.43,6.94,6.43,6.38,0.0,6.85,7.23
187,0.0,0.0,8.03,0.0,0.0,0.0,0.0,8.1,6.81,0.0,9.17,7.51,9.24,8.92,0.0,8.64,0.0,9.67,9.13,0.0,0.0,6.77,5.82,0.0,8.46,7.48,0.0,7.12,0.0,0.0,7.46,0.0,0.0,8.75,0.0,9.55,0.0,7.99,7.26,8.57,0.0,6.07,5.93,0.0,8.23,8.63,0.0,6.69,8.14,8.88,0.0,0.0,0.0,0.0,8.43,0.0,0.0,0.0,7.15,7.87,0.0,9.05,0.0,0.0,6.22,8.04,7.6,0.0,0.0,0.0,8.74,0.0,7.44,8.44,0.0,9.95
188,8.62,0.0,0.0,9.07,7.93,6.58,0.0,0.0,0.0,7.59,7.13,9.65,6.14,6.27,10.0,7.74,6.34,8.3,0.0,0.0,0.0,0.0,9.09,9.0,8.25,0.0,0.0,8.28,8.29,0.0,0.0,0.0,0.0,0.0,0.0,0.0,0.0,7.08,9.88,0.0,6.52,0.0,0.0,9.1,0.0,0.0,9.43,0.0,0.0,9.96,8.42,0.0,0.0,0.0,0.0,9.36,8.81,4.58,0.0,0.0,0.0,8.21,8.77,0.0,10.0,7.71,4.68,0.0,6.84,6.72,0.0,0.0,8.8,0.0,7.51,0.0
189,0.0,6.91,0.0,0.0,7.32,9.07,7.92,7.84,0.0,7.24,6.92,8.36,8.8,8.47,0.0,0.0,7.11,6.99,6.35,0.0,0.0,9.23,0.0,9.48,0.0,8.15,8.5,8.33,0.0,7.48,0.0,8.1,8.43,8.28,8.47,8.03,7.7,0.0,7.68,0.0,7.91,7.36,0.0,0.0,7.68,0.0,7.1,0.0,8.11,0.0,7.47,0.0,7.8,7.06,0.0,8.04,0.0,7.28,0.0,7.63,8.0,0.0,0.0,0.0,7.5,0.0,0.0,0.0,7.74,0.0,6.82,8.38,7.86,7.68,7.02,0.0
190,4.17,5.0,6.51,0.0,0.0,7.69,9.14,7.75,9.43,8.51,5.99,9.28,9.3,0.0,9.08,6.12,8.0,8.3,0.0,7.26,6.63,0.0,7.09,0.0,8.85,5.66,8.02,0.0,0.0,0.0,0.0,0.0,0.0,0.0,0.0,5.77,7.88,0.0,0.0,7.97,6.04,0.0,7.01,8.07,6.4,6.8,6.98,0.0,8.7,0.0,8.95,8.51,0.0,7.26,8.58,7.04,7.66,8.77,0.0,0.0,6.87,8.87,0.0,8.21,6.29,8.46,0.0,0.0,0.0,6.74,0.0,8.45,6.41,10.0,7.86,7.14
191,0.0,0.0,6.22,0.0,0.0,5.68,9.07,0.0,0.0,5.31,6.29,7.19,7.19,0.0,0.0,0.0,0.0,5.36,7.13,7.94,6.58,6.81,0.0,0.0,0.0,6.87,7.18,6.9,0.0,7.27,5.7,0.0,7.53,0.0,7.76,7.44,6.11,8.16,0.0,7.47,5.22,0.0,5.87,5.61,7.23,6.15,0.0,0.0,6.46,4.24,7.62,0.0,5.81,7.52,6.83,7.53,6.61,0.0,0.0,0.0,6.02,0.0,7.07,0.0,0.0,7.61,0.0,6.27,0.0,9.4,6.98,5.77,6.31,0.0,0.0,0.0
192,0.0,6.95,7.5,0.0,7.18,0.0,7.29,7.31,5.93,6.2,0.0,0.0,6.78,0.0,6.31,6.67,0.0,7.73,6.73,0.0,6.96,6.35,0.0,6.82,7.37,0.0,8.39,5.1,0.0,6.49,8.08,4.91,6.08,0.0,8.42,0.0,0.0,0.0,0.0,0.0,0.0,7.13,0.0,0.0,7.47,0.0,0.0,8.15,5.51,7.03,0.0,6.56,0.0,7.21,8.06,0.0,0.0,0.0,6.25,7.73,0.0,0.0,8.11,6.9,0.0,6.93,6.56,7.68,7.61,0.0,0.0,0.0,0.0,8.51,0.0,0.0
193,0.0,0.0,8.71,0.0,8.56,0.0,0.0,4.26,7.84,0.0,9.81,8.21,0.0,6.63,10.0,0.0,9.4,7.11,7.1,7.73,6.82,0.0,0.0,0.0,0.0,7.09,0.0,0.0,8.31,8.45,0.0,0.0,6.9,0.0,0.0,6.84,5.77,7.72,6.74,6.17,7.2,9.09,7.11,7.97,7.83,0.0,6.16,0.0,8.99,6.82,6.63,5.28,6.95,0.0,7.39,10.0,0.0,8.5,8.24,9.57,7.98,0.0,8.45,8.23,8.43,7.49,0.0,8.76,7.51,8.96,8.12,0.0,0.0,8.41,6.48,8.58
194,0.0,0.0,4.29,0.0,0.0,4.56,0.0,8.19,0.0,0.0,6.51,0.0,0.0,10.0,6.74,5.15,6.2,7.76,6.91,6.36,6.12,0.0,5.42,5.33,0.0,7.56,7.12,7.3,8.17,7.46,0.0,5.86,0.0,4.16,0.0,0.0,0.0,0.0,0.0,7.55,5.15,5.99,5.94,5.83,0.0,0.0,7.01,0.0,0.0,0.0,0.0,5.67,0.0,10.0,0.0,3.54,0.0,0.0,7.59,7.49,0.0,7.46,6.97,0.0,0.0,5.63,0.0,0.0,0.0,0.0,0.0,0.0,10.0,0.0,7.99,0.0
195,5.87,0.0,0.0,8.05,0.0,6.92,6.79,0.0,6.88,0.0,7.21,6.99,0.0,8.33,6.92,0.0,6.71,0.0,7.4,0.0,0.0,0.0,7.21,6.89,0.0,0.0,6.76,6.86,6.84,0.0,7.05,0.0,6.67,7.2,0.0,0.0,6.77,0.0,6.99,6.67,7.11,7.67,6.86,6.76,6.79,0.0,6.77,0.0,6.33,0.0,6.67,6.52,6.39,6.77,7.82,0.0,7.55,8.0,7.11,6.76,7.04,6.31,0.0,6.99,7.35,7.76,6.91,7.25,7.23,0.0,6.87,7.2,6.54,0.0,0.0,0.0
196,8.62,7.45,0.0,7.22,7.85,6.95,0.0,8.48,0.0,8.43,8.27,7.59,0.0,8.51,7.18,0.0,7.75,8.48,7.44,0.0,6.39,0.0,7.67,10.0,0.0,7.21,6.82,5.55,0.0,0.0,0.0,10.0,0.0,0.0,7.29,6.52,0.0,0.0,6.38,0.0,0.0,0.0,7.35,0.0,6.67,0.0,0.0,0.0,0.0,7.06,8.11,0.0,9.98,0.0,8.8,0.0,6.19,7.13,0.0,9.6,8.27,7.84,8.42,8.11,0.0,0.0,0.0,7.75,8.26,6.96,0.0,0.0,0.0,8.34,10.0,0.0
197,7.63,6.05,0.0,0.0,0.0,6.21,7.69,6.73,6.73,7.16,7.91,0.0,6.4,6.61,0.0,9.07,7.88,0.0,0.0,7.42,9.37,0.0,7.28,7.64,7.66,9.46,8.65,6.61,5.83,5.54,0.0,0.0,0.0,6.86,0.0,5.47,5.6,6.46,6.32,6.9,6.4,0.0,5.38,6.46,6.96,6.28,7.5,4.47,0.0,5.92,4.78,0.0,0.0,0.0,7.07,0.0,0.0,7.82,8.42,8.1,0.0,7.19,0.0,8.1,6.39,6.86,4.32,0.0,5.3,0.0,0.0,6.46,7.43,0.0,6.62,5.69
198,0.0,3.75,6.93,6.86,0.0,0.0,0.0,8.83,7.6,6.93,0.0,6.97,0.0,6.21,0.0,0.0,7.41,6.15,0.0,6.59,0.0,0.0,7.36,10.0,6.4,4.44,7.94,8.59,6.88,6.14,10.0,7.07,0.0,6.32,0.0,0.0,7.56,7.29,0.0,0.0,5.34,0.0,0.0,0.0,0.0,0.0,7.58,6.91,0.0,7.55,0.0,0.0,6.72,0.0,0.0,0.0,8.47,7.65,0.0,6.42,7.26,6.8,6.91,7.7,5.47,0.0,0.0,0.0,0.0,0.0,0.0,0.0,8.17,0.0,10.0,4.63
199,8.67,0.0,7.22,6.03,6.97,5.7,0.0,0.0,0.0,10.0,0.0,8.87,8.56,0.0,0.0,0.0,0.0,0.0,0.0,5.61,0.0,0.0,8.7,0.0,7.12,0.0,10.0,0.0,0.0,5.52,0.0,7.33,6.21,4.33,0.0,0.0,0.0,0.0,0.0,10.0,6.49,0.0,0.0,8.19,7.34,8.83,0.0,0.0,0.0,6.21,0.0,0.0,8.51,0.0,7.73,7.35,3.2,0.0,0.0,0.0,5.28,10.0,0.0,6.39,0.0,5.0,4.29,10.0,5.56,0.0,2.56,0.0,5.34,7.47,6.54,8.4
200,0.0,7.07,7.28,0.0,6.94,6.82,0.0,6.29,6.49,8.49,0.0,0.0,7.22,0.0,6.46,0.0,7.17,0.0,8.05,0.0,0.0,6.94,0.0,0.0,7.03,6.35,0.0,0.0,6.5,6.78,7.47,0.0,6.56,0.0,7.58,0.0,8.06,6.92,7.39,0.0,7.36,7.32,6.55,0.0,6.94,0.0,0.0,0.0,0.0,8.1,7.17,0.0,7.08,8.53,7.89,7.09,7.58,7.02,0.0,6.87,6.26,0.0,7.55,0.0,6.59,0.0,6.76,0.0,7.11,7.18,7.49,6.29,6.98,6.88,6.52,6.55
201,0.0,0.0,0.0,6.34,6.36,4.7,4.77,6.27,7.52,5.15,5.88,0.0,0.0,0.0,9.09,0.0,0.0,0.0,5.31,6.69,5.63,0.0,0.0,7.95,0.0,0.0,0.0,0.0,6.89,0.0,7.14,0.0,7.86,0.0,0.0,6.0,0.0,7.84,5.33,7.37,8.58,0.0,8.77,0.0,0.0,5.86,0.0,0.0,6.7,7.1,8.26,7.26,0.0,8.55,0.0,8.78,8.0,0.0,6.73,5.65,0.0,8.69,5.75,7.97,5.98,6.83,0.0,5.86,7.39,5.34,0.0,7.77,7.78,6.81,0.0,6.41
202,8.96,0.0,8.3,0.0,6.96,0.0,8.09,8.15,7.9,8.18,0.0,10.0,7.26,8.79,8.05,8.36,0.0,6.8,8.15,0.0,0.0,6.32,6.69,0.0,7.63,0.0,8.04,8.85,7.43,8.23,7.93,8.67,8.75,8.29,7.83,7.72,0.0,7.66,8.44,8.8,7.81,0.0,0.0,7.89,8.4,7.17,0.0,8.19,8.39,7.68,0.0,8.67,7.49,0.0,0.0,0.0,0.0,7.14,7.62,0.0,0.0,8.43,7.71,8.39,0.0,7.62,8.66,0.0,8.03,0.0,0.0,8.45,7.96,0.0,8.44,8.52
203,0.0,8.19,7.4,0.0,0.0,0.0,8.01,8.02,8.75,8.19,0.0,0.0,7.42,0.0,0.0,7.77,8.4,0.0,7.16,0.0,0.0,0.0,8.59,0.0,0.0,7.39,8.02,7.47,7.22,0.0,7.94,0.0,0.0,0.0,7.67,0.0,0.0,0.0,8.76,7.45,8.24,0.0,7.69,7.13,0.0,7.06,0.0,0.0,8.04,0.0,0.0,0.0,0.0,0.0,0.0,8.17,7.5,0.0,0.0,0.0,0.0,0.0,8.28,8.67,8.78,8.4,8.01,8.32,0.0,0.0,0.0,0.0,0.0,0.0,0.0,9.47
204,6.53,7.86,0.0,6.93,7.57,0.0,7.09,7.12,0.0,0.0,0.0,0.0,6.56,5.92,0.0,6.5,0.0,6.97,0.0,7.33,0.0,0.0,0.0,0.0,5.7,0.0,0.0,0.0,0.0,7.93,8.13,6.79,0.0,8.11,0.0,6.25,0.0,0.0,0.0,0.0,8.45,6.02,0.0,0.0,6.98,6.57,0.0,6.97,6.45,6.67,7.42,0.0,0.0,0.0,0.0,7.25,0.0,7.14,7.59,7.98,0.0,7.8,6.96,0.0,6.72,6.27,0.0,6.55,0.0,7.69,6.72,0.0,7.67,7.09,6.92,7.58
205,7.31,8.41,0.0,7.4,0.0,8.8,0.0,10.0,7.68,8.71,0.0,0.0,0.0,0.0,8.88,0.0,0.0,0.0,0.0,0.0,0.0,6.9,0.0,7.87,8.38,0.0,0.0,0.0,0.0,7.8,6.7,8.59,9.64,0.0,7.19,0.0,0.0,6.73,8.49,10.0,0.0,0.0,6.72,0.0,0.0,0.0,0.0,0.0,7.89,8.23,0.0,0.0,0.0,6.93,0.0,0.0,0.0,0.0,0.0,0.0,0.0,8.9,7.41,0.0,0.0,8.26,8.43,6.94,0.0,0.0,0.0,8.28,0.0,7.75,5.78,8.15
206,7.19,8.39,0.0,8.44,8.39,7.22,3.74,6.53,6.95,0.0,6.52,7.42,5.73,0.0,5.21,5.19,0.0,6.96,7.2,0.0,9.38,8.06,0.0,7.54,7.71,6.97,3.31,0.0,0.0,7.21,9.77,6.49,0.0,0.0,5.31,0.0,7.64,0.0,10.0,7.29,7.53,5.42,8.04,0.0,7.02,8.15,7.31,0.0,0.0,5.16,8.73,0.0,0.0,7.41,7.12,0.0,6.02,6.52,6.62,0.0,8.08,6.73,0.0,0.0,0.0,4.29,0.0,6.72,8.97,0.0,7.87,0.0,0.0,0.0,5.58,0.0
207,8.43,0.0,6.12,0.0,0.0,8.48,7.37,0.0,0.0,0.0,0.0,7.03,0.0,8.31,5.62,5.87,0.0,0.0,6.53,7.7,7.19,0.0,9.16,0.0,0.0,6.12,0.0,7.65,6.81,7.45,0.0,8.72,0.0,0.0,10.0,6.11,8.74,6.5,8.38,0.0,0.0,0.0,6.69,0.0,5.53,0.0,0.0,7.43,0.0,3.2,6.96,0.0,6.5,10.0,7.65,0.0,6.96,0.0,0.0,7.43,6.89,6.44,9.31,5.17,7.17,0.0,7.71,4.39,0.0,9.18,6.33,8.37,0.0,4.66,8.5,0.0
208,7.9,7.78,9.25,6.53,9.98,7.6,7.84,0.0,7.6,6.73,0.0,8.5,0.0,0.0,7.55,9.2,0.0,7.71,0.0,8.43,0.0,0.0,0.0,8.08,7.83,0.0,9.32,8.16,8.35,8.17,0.0,9.17,0.0,9.31,9.75,9.61,0.0,7.19,0.0,7.03,0.0,0.0,0.0,0.0,5.97,8.19,8.71,10.0,7.13,10.0,0.0,8.49,0.0,0.0,0.0,7.89,0.0,0.0,0.0,6.16,0.0,8.15,0.0,8.32,6.55,5.95,8.58,10.0,6.87,0.0,9.34,0.0,10.0,8.86,0.0,0.0
209,0.0,7.55,7.52,8.33,8.13,0.0,7.77,7.37,7.62,7.65,7.58,8.21,0.0,0.0,8.04,8.77,0.0,7.26,0.0,8.54,0.0,7.57,0.0,7.66,8.51,6.72,0.0,8.16,8.41,8.68,8.4,8.02,7.52,7.97,8.12,8.07,0.0,0.0,7.64,0.0,8.02,0.0,8.52,7.63,0.0,0.0,8.55,8.88,8.4,8.51,0.0,8.07,0.0,0.0,0.0,7.75,8.03,7.57,0.0,7.97,7.79,8.29,0.0,7.74,8.19,8.18,7.4,0.0,7.42,0.0,0.0,8.5,0.0,0.0,0.0,7.99
210,0.0,0.0,0.0,0.0,0.0,0.0,6.84,0.0,7.91,9.13,0.0,6.74,0.0,6.6,8.19,0.0,8.09,0.0,7.2,7.48,0.0,8.42,7.43,7.06,0.0,8.55,0.0,8.89,8.46,7.78,0.0,7.71,0.0,7.76,8.73,8.71,0.0,7.95,9.01,8.35,0.0,0.0,7.93,7.84,0.0,7.91,0.0,8.75,8.18,0.0,7.84,0.0,0.0,0.0,0.0,8.15,8.14,8.78,8.61,8.06,0.0,7.26,7.64,0.0,7.12,7.76,8.61,7.98,7.74,7.79,0.0,0.0,7.57,7.99,7.46,0.0
211,0.0,8.99,0.0,10.0,0.0,0.0,9.28,7.98,0.0,0.0,0.0,7.75,0.0,8.1,0.0,7.46,9.59,0.0,0.0,0.0,0.0,0.0,0.0,5.98,10.0,0.0,10.0,0.0,5.02,7.62,8.54,6.66,0.0,0.0,6.54,0.0,7.34,6.65,6.79,0.0,0.0,5.97,5.62,8.64,5.95,10.0,0.0,0.0,0.0,8.36,8.37,0.0,0.0,0.0,0.0,6.27,3.76,8.23,7.32,8.72,0.0,0.0,0.0,7.83,5.52,5.41,8.91,0.0,0.0,0.0,7.98,6.21,0.0,0.0,0.0,0.0
212,9.77,4.96,7.14,10.0,8.28,8.67,0.0,5.76,6.97,7.23,6.66,0.0,0.0,0.0,0.0,9.1,5.5,0.0,10.0,0.0,0.0,0.0,0.0,7.9,6.98,6.08,8.21,8.98,9.36,0.0,8.85,5.96,7.32,0.0,7.7,10.0,9.25,5.59,7.5,0.0,0.0,0.0,7.16,8.97,7.64,9.37,0.0,7.52,10.0,0.0,8.53,7.25,6.62,5.29,0.0,8.16,6.73,8.71,0.0,0.0,0.0,9.44,0.0,0.0,7.0,0.0,8.24,8.59,0.0,0.0,9.03,0.0,0.0,7.54,8.25,7.84
213,9.9,6.22,6.68,0.0,10.0,0.0,5.17,9.12,8.23,0.0,0.0,0.0,6.33,6.87,5.03,0.0,7.32,0.0,8.48,5.65,0.0,8.46,3.29,6.93,7.41,0.0,8.41,8.36,0.0,3.28,8.32,8.49,5.29,7.54,10.0,8.89,8.5,0.0,3.81,0.0,8.86,7.52,0.0,7.0,7.56,10.0,0.0,0.0,7.79,3.73,0.0,0.0,6.31,7.54,4.46,7.74,0.0,10.0,0.0,0.0,0.0,6.67,7.22,0.0,5.55,0.0,0.0,6.09,0.0,3.65,9.11,0.0,5.03,0.0,7.4,0.0
214,7.25,0.0,9.35,0.0,7.96,0.0,0.0,8.96,8.37,7.25,6.83,0.0,0.0,0.0,8.45,7.02,0.0,7.5,7.31,0.0,7.54,7.0,0.0,8.0,7.62,0.0,9.05,0.0,6.58,7.49,9.12,0.0,0.0,7.31,9.0,0.0,0.0,5.43,8.54,0.0,8.73,6.46,8.46,7.08,0.0,8.57,0.0,0.0,0.0,8.47,9.09,0.0,0.0,7.56,8.26,0.0,7.67,0.0,0.0,0.0,0.0,0.0,0.0,0.0,0.0,8.45,0.0,8.24,0.0,0.0,0.0,0.0,0.0,0.0,6.32,0.0
215,10.0,7.89,6.57,10.0,7.79,0.0,10.0,8.79,7.06,6.35,7.32,8.08,0.0,0.0,0.0,8.66,9.5,8.7,9.76,10.0,6.91,9.28,0.0,6.23,9.44,8.75,8.83,8.1,0.0,4.8,9.62,8.22,0.0,7.62,6.91,0.0,0.0,0.0,10.0,9.02,0.0,0.0,9.01,0.0,6.88,8.71,0.0,6.16,0.0,6.7,9.57,0.0,7.12,0.0,7.24,0.0,0.0,0.0,0.0,7.54,0.0,7.55,0.0,0.0,6.97,7.2,0.0,0.0,0.0,9.88,0.0,7.22,7.84,0.0,8.58,6.76
216,0.0,0.0,9.31,0.0,8.66,0.0,0.0,8.97,0.0,8.28,6.6,7.53,0.0,10.0,0.0,7.33,0.0,9.23,9.59,0.0,8.72,0.0,8.12,0.0,9.16,10.0,6.71,8.26,7.7,10.0,10.0,7.44,6.08,0.0,0.0,9.45,7.08,0.0,6.1,0.0,0.0,10.0,4.71,0.0,7.32,6.34,10.0,0.0,0.0,9.18,0.0,7.83,7.06,4.75,0.0,0.0,8.84,0.0,8.72,8.73,7.38,8.75,7.21,8.16,0.0,0.0,9.15,0.0,0.0,8.93,9.62,10.0,0.0,0.0,9.47,0.0
217,8.42,8.37,0.0,8.02,0.0,0.0,8.05,6.88,0.0,0.0,0.0,7.29,7.04,8.27,0.0,7.24,0.0,6.71,8.1,0.0,9.1,0.0,0.0,0.0,0.0,0.0,7.55,7.82,9.58,0.0,0.0,7.83,0.0,10.0,0.0,7.28,8.35,0.0,7.51,0.0,9.29,0.0,0.0,7.0,0.0,0.0,8.25,0.0,8.64,0.0,0.0,0.0,0.0,9.03,7.31,0.0,7.67,8.08,0.0,0.0,0.0,0.0,0.0,8.47,0.0,0.0,0.0,8.66,8.92,0.0,0.0,7.87,7.98,8.55,0.0,8.44
218,8.84,0.0,7.59,7.74,0.0,0.0,6.88,0.0,8.14,8.17,0.0,0.0,8.06,6.53,0.0,0.0,8.01,0.0,8.82,6.94,0.0,0.0,0.0,9.55,0.0,7.81,0.0,0.0,10.0,7.99,0.0,8.37,7.06,7.38,8.11,7.39,0.0,0.0,0.0,8.65,0.0,9.41,10.0,0.0,0.0,0.0,8.4,0.0,0.0,0.0,9.27,0.0,0.0,9.85,0.0,9.84,0.0,6.62,0.0,8.23,0.0,0.0,9.42,0.0,7.34,0.0,8.6,6.53,7.49,8.74,9.25,6.82,0.0,0.0,0.0,0.0
219,0.0,0.0,0.0,8.03,0.0,9.35,6.61,0.0,7.82,0.0,6.51,0.0,10.0,6.52,7.42,8.54,0.0,9.75,0.0,10.0,6.0,0.0,0.0,9.41,5.07,0.0,9.77,0.0,0.0,0.0,0.0,5.84,8.76,8.96,6.78,7.1,7.36,0.0,9.98,5.71,8.08,0.0,9.58,7.35,10.0,5.85,0.0,8.5,4.98,0.0,5.12,7.55,8.37,0.0,0.0,0.0,8.33,0.0,0.0,6.28,6.41,7.84,5.81,6.59,0.0,10.0,8.49,10.0,7.18,8.0,0.0,0.0,8.28,6.17,8.6,6.38
220,7.42,7.88,0.0,0.0,0.0,0.0,0.0,0.0,5.14,0.0,0.0,7.31,4.63,6.56,4.57,6.61,6.27,0.0,10.0,0.0,6.9,7.22,0.0,0.0,0.0,10.0,0.0,7.86,7.53,0.0,0.0,5.94,0.0,0.0,0.0,7.24,0.0,0.0,0.0,5.59,0.0,5.78,0.0,0.0,0.0,6.93,8.23,0.0,7.36,3.96,6.28,0.0,0.0,7.34,5.81,0.0,0.0,0.0,5.81,6.0,0.0,0.0,0.0,0.0,0.0,6.13,5.84,0.0,0.0,6.38,0.0,0.0,8.44,4.59,7.15,0.0
221,0.0,0.0,0.0,5.93,7.48,0.0,0.0,0.0,10.0,8.01,5.76,0.0,0.0,0.0,0.0,0.0,8.97,8.49,0.0,0.0,0.0,0.0,6.9,10.0,3.73,0.0,6.56,0.0,0.0,0.0,6.82,10.0,0.0,0.0,8.59,6.47,8.52,0.0,0.0,0.0,0.0,0.0,0.0,0.0,0.0,9.0,4.11,0.0,7.92,0.0,6.26,0.0,6.89,6.1,4.07,6.49,8.96,6.86,6.72,0.0,7.26,0.0,4.04,0.0,6.91,3.24,7.15,6.33,0.0,7.74,5.14,7.18,0.0,6.44,6.08,6.08
222,0.0,7.88,8.66,0.0,3.7,0.0,9.66,0.0,0.0,7.56,7.45,5.75,8.58,6.52,6.8,8.02,0.0,0.0,9.81,6.83,0.0,6.49,0.0,5.74,5.61,9.43,6.93,0.0,7.68,6.39,0.0,0.0,7.54,7.91,7.3,7.82,0.0,7.84,0.0,8.99,0.0,7.94,5.66,0.0,0.0,5.95,0.0,0.0,0.0,0.0,0.0,7.92,8.2,6.61,0.0,8.13,0.0,5.05,0.0,0.0,0.0,0.0,0.0,6.03,0.0,0.0,0.0,4.75,10.0,0.0,5.54,3.21,5.95,7.1,0.0,0.0
223,5.86,6.52,7.84,7.11,0.0,5.76,0.0,6.72,6.42,0.0,0.0,5.99,0.0,6.96,5.82,0.0,6.22,0.0,6.99,7.51,7.51,7.05,6.53,0.0,0.0,6.46,0.0,0.0,0.0,5.43,8.23,7.7,7.26,0.0,0.0,0.0,6.49,0.0,0.0,0.0,0.0,8.3,6.72,0.0,6.6,7.49,8.91,0.0,0.0,6.44,0.0,6.44,8.65,7.36,0.0,7.34,6.87,0.0,0.0,6.72,5.54,6.31,0.0,0.0,0.0,6.47,0.0,6.72,7.59,6.8,7.96,7.74,0.0,7.06,7.09,8.4
224,6.31,9.07,0.0,0.0,0.0,7.72,5.37,0.0,10.0,0.0,0.0,6.42,8.07,8.91,0.0,0.0,0.0,0.0,0.0,7.27,7.1,0.0,8.64,5.13,0.0,10.0,0.0,4.44,7.28,4.54,0.0,5.89,2.98,8.21,0.0,6.81,7.62,8.15,6.85,3.3,0.0,6.2,0.0,8.06,0.0,0.0,0.0,9.52,9.56,7.9,9.81,0.0,4.85,0.0,8.4,8.03,4.47,0.0,7.23,7.99,5.39,0.0,6.25,8.17,0.0,5.49,6.49,9.75,0.0,9.16,6.93,0.0,10.0,7.2,7.3,8.11
225,7.47,7.97,6.58,7.9,0.0,6.26,0.0,6.64,7.3,4.93,0.0,0.0,0.0,0.0,5.95,6.82,0.0,0.0,0.0,0.0,0.0,0.0,7.85,7.32,0.0,7.46,0.0,0.0,0.0,6.65,8.4,0.0,0.0,0.0,0.0,0.0,7.74,7.65,0.0,0.0,7.74,0.0,0.0,6.73,7.24,0.0,0.0,0.0,7.07,8.41,6.87,0.0,0.0,8.47,0.0,0.0,0.0,0.0,0.0,7.37,8.67,6.45,6.56,7.01,7.15,7.02,0.0,7.1,0.0,0.0,6.44,6.91,0.0,5.25,0.0,6.57
226,0.0,0.0,6.03,5.96,8.61,7.67,5.9,0.0,0.0,0.0,0.0,0.0,6.23,8.72,7.97,7.98,7.95,0.0,0.0,8.04,0.0,10.0,0.0,10.0,0.0,6.23,10.0,7.78,0.0,7.01,0.0,0.0,8.17,8.49,8.91,6.86,8.54,6.36,7.19,0.0,0.0,8.03,5.85,9.38,8.54,7.53,8.21,7.66,8.34,7.47,6.86,0.0,6.11,5.41,10.0,0.0,0.0,8.09,8.44,0.0,5.79,8.69,7.01,0.0,0.0,8.15,0.0,6.21,0.0,7.56,6.52,7.71,9.1,8.8,7.2,6.45
227,0.0,0.0,0.0,7.36,0.0,0.0,0.0,0.0,7.31,5.23,7.36,0.0,0.0,7.06,6.87,4.45,0.0,9.98,0.0,6.98,7.1,10.0,4.8,4.54,0.0,0.0,5.33,0.0,7.23,0.0,0.0,0.0,0.0,5.58,0.0,6.26,6.95,8.5,0.0,0.0,8.13,0.0,0.0,0.0,3.68,6.47,0.0,0.0,7.33,0.0,5.28,0.0,0.0,6.12,0.0,4.97,0.0,0.0,0.0,5.08,0.0,0.0,6.51,7.58,0.0,0.0,0.0,7.45,8.04,0.0,8.6,0.0,0.0,6.61,4.84,7.41
228,7.43,0.0,7.47,8.21,7.8,0.0,8.46,8.62,7.11,8.85,0.0,8.6,0.0,8.28,7.97,0.0,0.0,0.0,8.11,7.89,7.31,0.0,8.56,6.93,8.43,8.27,8.0,0.0,8.09,7.98,8.68,6.84,0.0,6.76,0.0,8.15,8.77,0.0,0.0,7.75,8.79,7.61,9.08,8.95,6.71,0.0,0.0,6.66,7.05,0.0,0.0,0.0,8.04,0.0,8.04,7.73,7.09,8.33,7.6,8.72,0.0,7.19,8.01,0.0,0.0,0.0,0.0,0.0,0.0,8.36,0.0,0.0,7.09,8.33,7.23,7.81
229,7.69,0.0,7.51,9.0,8.3,8.26,7.46,8.89,8.6,7.92,0.0,7.47,0.0,0.0,8.98,0.0,0.0,7.84,8.23,8.47,0.0,0.0,5.57,0.0,0.0,0.0,0.0,6.64,8.22,0.0,0.0,5.82,8.46,7.17,8.44,9.03,0.0,0.0,0.0,0.0,7.51,0.0,0.0,7.77,0.0,0.0,0.0,0.0,0.0,0.0,7.09,8.16,0.0,0.0,0.0,0.0,0.0,7.4,0.0,0.0,8.14,0.0,8.05,0.0,0.0,8.15,8.6,0.0,7.64,7.51,0.0,0.0,0.0,8.47,0.0,8.92
230,9.1,0.0,10.0,0.0,9.79,0.0,0.0,7.4,4.52,0.0,0.0,0.0,0.0,8.43,0.0,3.34,6.66,0.0,10.0,5.28,10.0,7.26,8.48,6.68,8.95,7.53,4.66,0.0,9.78,5.61,0.0,0.0,8.28,9.42,7.44,8.36,5.85,0.0,8.78,0.0,8.95,4.76,8.92,8.06,0.0,0.0,8.05,5.56,0.0,10.0,7.24,0.0,7.11,10.0,7.95,7.63,0.0,0.0,0.0,0.0,7.19,10.0,5.24,0.0,0.0,6.76,7.7,7.55,9.65,5.72,6.37,0.0,7.98,6.34,9.11,10.0
231,0.0,0.0,8.68,0.0,0.0,8.89,0.0,0.0,0.0,9.78,0.0,0.0,0.0,6.86,6.99,7.37,6.83,9.11,0.0,7.39,7.73,7.5,7.58,8.79,9.09,8.02,6.4,0.0,0.0,0.0,0.0,0.0,7.32,8.57,0.0,0.0,9.05,8.26,0.0,0.0,0.0,0.0,0.0,8.37,8.76,0.0,0.0,0.0,0.0,0.0,10.0,9.08,0.0,0.0,8.68,7.25,0.0,6.91,0.0,0.0,7.84,9.29,8.86,0.0,0.0,0.0,8.26,0.0,0.0,0.0,10.0,7.83,0.0,0.0,0.0,8.11
232,0.0,9.99,0.0,0.0,0.0,0.0,8.69,0.0,6.69,9.47,7.94,7.11,0.0,0.0,0.0,6.23,0.0,0.0,9.44,0.0,0.0,7.26,0.0,0.0,0.0,7.39,10.0,7.9,0.0,0.0,8.3,0.0,7.11,8.01,7.2,0.0,7.69,0.0,0.0,0.0,8.63,9.01,0.0,0.0,7.96,10.0,0.0,5.56,9.88,0.0,0.0,0.0,0.0,8.11,0.0,0.0,0.0,0.0,0.0,9.08,0.0,8.27,0.0,10.0,6.69,8.5,8.99,9.77,6.34,0.0,7.74,9.04,0.0,0.0,8.48,9.06
233,0.0,10.0,9.74,0.0,0.0,8.38,0.0,0.0,8.33,0.0,0.0,8.89,0.0,0.0,5.71,0.0,0.0,0.0,7.47,10.0,10.0,0.0,7.06,0.0,8.25,0.0,0.0,0.0,7.67,9.86,0.0,7.88,0.0,0.0,9.71,9.03,0.0,6.79,9.61,8.36,0.0,0.0,0.0,0.0,8.27,0.0,5.78,6.13,10.0,0.0,0.0,0.0,6.3,6.54,9.25,8.77,9.8,0.0,0.0,0.0,0.0,6.37,0.0,10.0,9.36,0.0,0.0,9.99,7.35,0.0,0.0,8.9,0.0,0.0,9.27,0.0
234,7.77,6.59,7.58,0.0,6.22,6.37,7.98,6.62,0.0,6.29,6.69,7.17,0.0,7.47,0.0,0.0,7.07,7.09,7.09,0.0,0.0,7.42,7.07,6.98,6.53,6.69,0.0,0.0,6.63,6.64,7.89,5.25,7.44,7.22,6.13,0.0,0.0,7.63,6.75,0.0,0.0,6.9,7.15,0.0,0.0,0.0,6.46,6.46,6.9,0.0,0.0,0.0,7.04,7.29,0.0,7.51,7.24,6.64,6.59,6.71,6.2,6.8,0.0,7.1,7.38,0.0,0.0,0.0,0.0,0.0,7.1,0.0,0.0,0.0,0.0,6.86
235,6.44,0.0,6.86,0.0,6.38,4.86,7.39,0.0,0.0,0.0,8.77,5.55,6.45,7.29,5.39,0.0,7.28,6.57,7.66,6.51,5.21,5.87,5.25,7.99,6.7,7.18,7.12,6.9,7.0,7.02,0.0,7.29,0.0,6.34,0.0,0.0,0.0,8.68,7.11,0.0,6.21,0.0,6.0,7.43,0.0,5.47,0.0,9.72,7.76,7.05,0.0,6.4,5.51,0.0,0.0,7.18,7.92,0.0,0.0,6.82,5.83,0.0,6.59,7.38,6.36,0.0,8.63,7.34,7.47,7.91,0.0,7.73,0.0,5.51,0.0,6.99
236,7.66,7.02,0.0,9.81,0.0,7.4,0.0,8.15,0.0,9.29,5.95,8.5,9.71,0.0,0.0,0.0,0.0,0.0,0.0,0.0,6.1,0.0,7.97,0.0,0.0,7.45,8.5,9.13,0.0,8.78,7.67,9.76,0.0,0.0,0.0,8.2,0.0,7.5,0.0,8.46,0.0,8.58,8.12,0.0,7.7,0.0,0.0,0.0,0.0,7.8,8.93,0.0,7.08,8.31,7.13,8.23,0.0,8.08,8.05,8.07,7.25,9.4,0.0,8.6,0.0,7.38,7.98,8.71,0.0,0.0,7.19,7.99,9.27,8.62,7.49,0.0
237,0.0,0.0,0.0,8.45,9.76,6.97,0.0,0.0,0.0,6.12,7.06,6.12,3.92,0.0,7.85,8.04,9.87,10.0,5.88,9.65,7.57,0.0,7.37,6.31,0.0,0.0,0.0,0.0,6.69,0.0,5.9,6.84,7.01,0.0,0.0,0.0,0.0,7.84,4.9,0.0,8.3,5.69,2.36,0.0,4.47,8.26,8.22,6.34,0.0,0.0,0.0,5.22,7.23,9.1,5.87,5.84,0.0,5.95,6.07,5.07,7.44,6.12,0.0,5.5,0.0,9.62,6.39,0.0,6.7,6.62,7.26,9.18,5.52,0.0,5.81,0.0
238,0.0,0.0,0.0,0.0,0.0,8.85,0.0,9.68,4.65,0.0,8.87,0.0,6.2,9.07,7.63,0.0,0.0,0.0,8.79,0.0,9.83,7.67,0.0,7.28,6.75,0.0,7.05,9.49,0.0,9.62,0.0,0.0,9.89,0.0,4.79,7.31,0.0,0.0,10.0,8.02,0.0,7.2,6.76,0.0,0.0,8.29,9.4,7.73,8.06,0.0,0.0,0.0,8.11,0.0,8.86,0.0,6.55,7.27,6.92,0.0,8.71,10.0,0.0,9.94,0.0,9.33,8.04,9.45,0.0,0.0,6.31,7.74,6.93,7.6,6.18,0.0
239,7.98,7.63,0.0,10.0,0.0,0.0,0.0,9.13,0.0,0.0,6.74,9.78,0.0,0.0,0.0,0.0,0.0,7.04,8.25,0.0,7.5,0.0,0.0,7.28,9.93,6.5,7.1,0.0,0.0,0.0,0.0,0.0,0.0,7.28,2.43,7.81,9.29,8.57,7.06,9.57,0.0,0.0,7.19,0.0,0.0,2.87,0.0,0.0,5.85,0.0,10.0,9.12,8.22,5.96,5.29,8.74,9.4,8.48,0.0,6.95,0.0,7.22,8.19,5.3,4.62,4.87,4.92,6.58,8.95,4.05,4.04,8.13,7.42,0.0,6.9,7.87
240,0.0,0.0,6.34,6.33,0.0,6.71,0.0,6.85,7.79,6.8,6.63,0.0,6.33,0.0,7.26,0.0,0.0,8.01,0.0,0.0,7.65,6.35,0.0,0.0,0.0,6.79,7.14,0.0,0.0,9.54,6.16,6.64,6.0,7.05,6.09,7.3,0.0,6.14,8.52,7.35,8.15,0.0,0.0,6.72,0.0,7.27,0.0,0.0,0.0,0.0,0.0,0.0,7.54,0.0,7.24,7.26,7.84,0.0,6.84,0.0,0.0,6.28,8.04,5.83,7.23,6.88,6.95,7.01,6.3,7.93,6.86,0.0,8.7,7.21,6.75,7.15
241,0.0,0.0,6.95,0.0,6.2,6.47,0.0,0.0,0.0,0.0,6.95,7.27,0.0,7.39,0.0,0.0,6.48,0.0,0.0,7.01,0.0,0.0,7.24,5.95,0.0,0.0,0.0,6.42,0.0,6.69,0.0,0.0,0.0,7.16,6.59,0.0,7.01,7.43,0.0,7.0,6.42,7.03,0.0,8.17,7.73,6.41,6.61,6.65,0.0,7.14,0.0,0.0,0.0,7.75,0.0,7.08,7.65,7.79,7.15,0.0,6.17,0.0,0.0,7.19,6.24,6.72,6.56,6.35,0.0,7.35,6.9,6.78,0.0,0.0,6.59,0.0
242,7.5,8.07,0.0,8.63,7.28,9.07,0.0,0.0,0.0,0.0,8.5,0.0,0.0,9.87,0.0,0.0,0.0,7.51,7.15,8.27,7.97,0.0,9.06,0.0,0.0,0.0,8.66,0.0,0.0,7.8,6.95,7.65,0.0,8.99,0.0,9.69,7.44,0.0,7.88,6.53,7.98,8.31,8.1,7.59,0.0,0.0,10.0,7.29,8.47,0.0,7.92,0.0,6.51,0.0,0.0,8.97,0.0,8.55,7.85,0.0,6.32,8.07,6.91,7.86,8.59,0.0,8.15,9.21,0.0,8.92,0.0,0.0,8.63,0.0,0.0,0.0
243,0.0,9.17,5.83,7.71,10.0,0.0,6.01,8.74,0.0,8.17,0.0,0.0,9.45,0.0,0.0,0.0,6.48,0.0,7.87,0.0,9.62,8.59,0.0,6.84,8.7,7.82,7.36,0.0,0.0,9.43,10.0,0.0,0.0,0.0,0.0,0.0,0.0,8.36,7.88,7.92,7.93,7.85,8.2,9.07,6.46,9.08,7.06,8.93,7.13,0.0,0.0,9.13,7.41,0.0,7.43,0.0,0.0,8.95,0.0,7.35,0.0,0.0,8.55,0.0,6.67,0.0,8.06,8.25,0.0,6.65,4.03,0.0,0.0,7.17,5.29,0.0
244,0.0,7.97,0.0,7.08,0.0,0.0,0.0,6.0,5.25,0.0,5.93,5.94,6.6,0.0,4.17,0.0,5.24,6.8,0.0,5.05,7.77,9.76,0.0,0.0,6.24,7.21,0.0,0.0,0.0,0.0,6.69,0.0,10.0,6.33,0.0,7.42,5.57,0.0,0.0,6.38,3.23,9.9,8.22,0.0,0.0,5.33,0.0,6.45,0.0,5.43,8.03,6.45,0.0,0.0,0.0,6.72,8.35,8.81,7.19,7.35,8.23,6.09,6.31,6.8,4.65,7.1,5.31,0.0,0.0,0.0,7.29,5.34,0.0,8.26,5.83,5.92
245,0.0,7.27,0.0,0.0,6.36,6.66,0.0,0.0,0.0,0.0,0.0,6.89,8.52,8.09,7.78,0.0,4.93,7.2,9.22,6.04,7.76,7.73,8.33,6.6,0.0,8.85,0.0,0.0,7.21,7.13,0.0,0.0,7.58,7.27,0.0,0.0,0.0,8.97,0.0,5.59,0.0,7.38,6.94,6.06,6.93,8.19,8.39,6.37,0.0,0.0,6.35,6.03,6.45,7.45,0.0,6.55,0.0,6.93,7.01,7.49,7.01,6.09,0.0,6.59,6.27,6.81,7.0,7.1,6.49,0.0,6.39,0.0,8.12,0.0,0.0,5.87
246,8.98,8.2,6.37,8.54,0.0,7.14,0.0,7.03,7.4,7.37,0.0,7.03,5.79,7.17,6.2,7.39,7.36,0.0,0.0,9.01,6.24,7.1,7.96,0.0,7.35,0.0,0.0,6.98,0.0,9.18,0.0,0.0,0.0,7.67,5.88,0.0,7.53,6.57,7.9,5.99,0.0,0.0,0.0,7.17,6.64,6.59,8.87,0.0,8.17,6.72,5.4,7.32,0.0,0.0,7.7,6.55,7.28,0.0,6.43,0.0,6.37,6.73,5.99,8.01,0.0,0.0,7.49,8.88,0.0,0.0,0.0,0.0,6.26,6.5,7.93,0.0
247,0.0,10.0,8.07,6.68,6.9,7.28,0.0,0.0,7.52,0.0,0.0,10.0,0.0,0.0,0.0,7.13,0.0,9.66,0.0,0.0,0.0,9.72,9.18,8.93,0.0,0.0,9.7,0.0,7.3,10.0,6.21,0.0,7.28,0.0,0.0,0.0,5.25,8.57,9.69,7.44,9.88,7.51,6.74,0.0,0.0,9.98,0.0,8.12,0.0,0.0,0.0,0.0,0.0,6.54,0.0,0.0,7.67,0.0,0.0,0.0,7.81,0.0,8.17,8.28,7.24,6.36,9.25,0.0,9.02,4.37,0.0,0.0,0.0,0.0,6.47,8.31
248,0.0,4.28,9.41,5.72,0.0,0.0,0.0,0.0,0.0,7.06,4.93,0.0,0.0,0.0,0.0,7.22,6.72,0.0,0.0,0.0,10.0,0.0,8.52,0.0,6.69,8.76,8.16,0.0,0.0,0.0,0.0,0.0,0.0,9.59,0.0,9.14,9.27,8.54,8.31,6.53,0.0,7.5,8.04,7.76,0.0,8.71,0.0,0.0,6.43,0.0,0.0,4.89,0.0,4.8,0.0,0.0,9.07,0.0,8.21,0.0,9.29,0.0,8.73,0.0,7.05,0.0,8.34,0.0,0.0,8.85,0.0,10.0,8.0,6.05,0.0,8.63
249,0.0,9.22,8.14,6.63,9.11,8.49,9.52,7.16,6.85,0.0,7.72,8.56,9.2,6.86,9.36,10.0,0.0,9.24,0.0,8.87,0.0,8.3,7.97,8.6,0.0,8.04,5.92,0.0,8.29,6.76,8.66,0.0,0.0,7.56,0.0,8.8,6.52,8.31,8.1,0.0,9.35,8.38,0.0,7.65,7.42,0.0,9.13,8.48,0.0,8.34,0.0,0.0,0.0,0.0,8.46,0.0,8.18,8.42,9.55,7.9,6.67,8.68,9.0,0.0,8.49,0.0,0.0,8.37,8.18,0.0,8.69,0.0,8.33,8.53,7.82,9.35
250,9.0,7.45,0.0,0.0,0.0,7.58,0.0,0.0,7.69,0.0,0.0,0.0,0.0,0.0,0.0,7.96,7.99,8.11,7.95,7.5,7.75,7.08,8.44,0.0,9.0,0.0,6.96,8.61,7.62,0.0,0.0,0.0,0.0,7.94,7.01,6.81,0.0,0.0,8.5,0.0,0.0,8.18,0.0,8.4,0.0,0.0,0.0,9.01,8.35,0.0,0.0,0.0,8.03,8.0,8.5,8.8,0.0,7.36,0.0,0.0,7.83,0.0,7.8,8.12,7.6,0.0,7.9,7.47,7.33,0.0,0.0,0.0,0.0,7.21,8.28,0.0
